BeeID,ColonyID,Treatment,w6/w3,EFA: FAT (%),Dry weight (mg),TFA in body (%),C18(2) % FA in TFA (W6),C18(3) % FA in TFA (W3),Season,EmergenceDate,PUFA balance
46,8,Unbalanced,3.459597353,14.5,51.4,0.936883569,11.24735554,3.251059124,Winter,03/10/2022,22.423549052
2,5,Balanced,0.47953775,20.75,30.3,1.783479674,6.725003818,14.02392995,Spring,05/09/2022,67.588677601
6,6,Unbalanced,3.969530089,12.28,30.8,1.011187146,9.805683221,2.470237787,Winter,12/09/2021,20.122626933
11,11,Pollen,0.479590439,18.07,70.1,0.634404538,5.856433494,12.21132244,Summer,08/14/2022,67.586270728
15,8,Unbalanced,3.084364387,15.88,68.3,0.750003583,11.99429119,3.888740007,Winter,03/10/2022,24.483613731
20,8,Unbalanced,0.921987713,15.9,40.1,1.106834207,7.629562336,8.275123659,Winter,03/10/2022,52.029468935
25,10,Unbalanced,0.409036105,16.85,48,0.852759883,4.892377905,11.96074831,Spring,05/26/2022,70.970502193
29,4,Balanced,0.738486772,16.42,57.3,0.82654777,6.973469697,9.442917545,Spring,04/07/2022,57.521288977
36,3,Balanced,0.979638497,16.36,51.6,0.908731844,8.094461755,8.262702802,Winter,02/17/2022,50.514273261
38,11,Pollen,0.480703033,19.86,34.8,1.356731414,6.446874934,13.41134648,Summer,08/14/2022,67.53548669
39,11,Pollen,0.832347628,18.19,35.3,1.191785316,8.26142006,9.925444345,Summer,08/14/2022,54.574797084
43,7,Unbalanced,2.816908665,15.66,32.6,1.331383349,11.55546314,4.102178847,Winter,01/27/2022,26.199212183
47,9,Unbalanced,0.799697801,18.81,57.4,0.773528921,8.360240224,10.45424936,Spring,04/18/2022,55.564884252
49,7,Unbalanced,2.876643833,14.8,58.8,0.793641325,10.98382577,3.818277967,Winter,01/27/2022,25.795508766
57,5,Balanced,0.481130007,18.46,33.7,1.356896492,5.996309277,12.46297091,Spring,05/09/2022,67.516017871
59,6,Unbalanced,2.635811695,19.64,75.3,0.66335598,14.24179683,5.403192061,Winter,12/09/2021,27.504174683
65,9,Unbalanced,1.563277598,20.24,38.5,1.43180109,12.34604048,7.897535599,Spring,04/18/2022,39.012551775
72,1,Balanced,1.148966314,21.65,65.5,0.695468976,11.57667775,10.07573294,Winter,11/04/2021,46.534000691
74,2,Balanced,1.204929844,22.9,86.1,0.609504814,12.51319347,10.38499755,Winter,01/06/2022,45.352916922
77,2,Balanced,1.205565795,22.77,45,0.889309184,12.44451154,10.32254862,Winter,01/06/2022,45.339839872
79,9,Unbalanced,1.634049433,20.31,42.2,1.036260585,12.59992378,7.710858393,Spring,04/18/2022,37.964359655
1,10,Unbalanced,0.562187644,16.15,39.5,1.077353404,5.812791148,10.3395925,Spring,05/26/2022,64.012796658
3,8,Unbalanced,1.313685297,13.16,26.1,1.411823187,7.470478911,5.686657931,Winter,03/10/2022,43.221089811
4,2,Balanced,1.126929825,18.84,22.5,2.229470119,9.979831452,8.855770107,Winter,01/06/2022,47.016125709
5,11,Pollen,0.691215836,19.56,20.1,2.896527649,7.993907375,11.56499455,Summer,08/14/2022,59.129058443
7,10,Unbalanced,2.558519941,18.62,25.8,2.102675996,13.38530225,5.231658365,Spring,05/26/2022,28.101570784
8,11,Pollen,0.83327066,16.61,31,1.611375018,7.551425815,9.062392544,Summer,08/14/2022,54.547319275
9,3,Balanced,1.066606031,16.37,21.1,2.45300837,8.447539065,7.920018092,Winter,02/17/2022,48.388516478
10,10,Unbalanced,1.081356693,23.91,30.1,2.105919045,12.419878,11.48545904,Spring,05/26/2022,48.045585054
12,4,Balanced,0.519969645,18,22.2,2.279452788,6.15629922,11.83972811,Spring,04/07/2022,65.79078756
13,10,Unbalanced,0.623905694,16.89,25.8,1.937100667,6.489453846,10.40133775,Spring,05/26/2022,61.579930644
14,11,Pollen,0.643046705,16.9,31,1.799176737,6.613559739,10.28472689,Summer,08/14/2022,60.862542551
16,9,Unbalanced,0.671255432,19.35,20.3,2.170386464,7.772063157,11.57839889,Spring,04/18/2022,59.835258
17,7,Unbalanced,3.928019351,14.85,31.4,1.345351644,11.83884245,3.013947079,Winter,01/27/2022,20.292128109
18,11,Pollen,0.665922723,21.69,21.8,2.393366598,8.67187725,13.02234772,Summer,08/14/2022,60.026793942
19,3,Balanced,1.124475032,13.3,26.1,1.687807501,7.038330977,6.259214988,Winter,02/17/2022,47.07045198
21,9,Unbalanced,0.875213616,21.12,27.8,1.841915461,9.858061606,11.2636063,Spring,04/18/2022,53.327257819
22,2,Balanced,1.105259622,25.08,21.4,3.065631971,13.16783508,11.91379366,Winter,01/06/2022,47.500079774
23,6,Unbalanced,3.506689852,18.76,27.3,2.0658809,14.59722385,4.162678896,Winter,12/09/2021,22.189234946
24,5,Balanced,0.470760727,19.81,22.3,2.215691294,6.341215374,13.47014525,Spring,05/09/2022,67.992024908
26,11,Pollen,0.47934639,19.28,21.4,2.141562894,6.247247316,13.03284522,Summer,08/14/2022,67.597420477
27,11,Pollen,0.835071092,17.77,28.4,1.888939669,8.085258604,9.682120102,Summer,08/14/2022,54.493801602
28,1,Balanced,1.255822207,20.7,26.4,2.798594672,11.52216273,9.174995205,Winter,11/04/2021,44.32973471
30,11,Pollen,0.715990513,21.07,21,2.387188086,8.79081917,12.27784309,Summer,08/14/2022,58.275380461
31,11,Pollen,0.726169362,17.95,24.2,1.397761848,7.55222557,10.40008841,Summer,08/14/2022,57.93174307
32,4,Balanced,0.448725497,19.66,23.8,1.723513781,6.088783118,13.56905984,Spring,04/07/2022,69.026189033
33,11,Pollen,1.092020336,11.78,30.2,0.652099718,6.148541582,5.630427733,Summer,08/14/2022,47.800682576
34,9,Unbalanced,0.930570236,18.99,25.7,1.887813941,9.154051723,9.837034719,Spring,04/18/2022,51.798167256
35,1,Balanced,1.327375784,10.43,19.7,1.616461098,5.946209341,4.47967291,Winter,11/04/2021,42.966847334
37,6,Unbalanced,3.911974456,18.71,27.3,2.054004448,14.90468231,3.810015243,Winter,12/09/2021,20.358412057
40,1,Balanced,1.234636422,21.01,25.1,2.194844346,11.60903818,9.402799055,Winter,11/04/2021,44.750009006
41,11,Pollen,1.069351526,13.68,26.2,1.210036992,7.067915051,6.609533798,Summer,08/14/2022,48.324317429
42,11,Pollen,0.495098081,18.5,29.9,1.480063396,6.127066729,12.37546047,Summer,08/14/2022,66.885244037
44,11,Pollen,0.549532688,18.53,24.5,1.63202464,6.572891068,11.9608737,Summer,08/14/2022,64.535585995
45,5,Balanced,0.583217907,19.05,25.8,1.573348082,7.016008892,12.0298242,Spring,05/09/2022,63.162499335
48,3,Balanced,1.219023905,14.98,28.6,1.263197015,8.231062537,6.752174833,Winter,02/17/2022,45.064859257
50,5,Balanced,0.285840652,23.52,22.4,3.235893304,5.227585897,18.28846197,Spring,05/09/2022,77.770134137
51,11,Pollen,0.599363038,18.63,29.9,1.04473183,6.982120525,11.64923441,Summer,08/14/2022,62.524891242
52,2,Balanced,0.905907946,26.96,29.6,2.464101407,12.81438206,14.1453468,Winter,01/06/2022,52.468431242
53,11,Pollen,0.962382946,16.16,28.7,1.413260468,7.923585634,8.233298055,Summer,08/14/2022,50.958453458
54,1,Balanced,0.985527559,22.05,25.4,2.303092839,10.94251687,11.10320738,Winter,11/04/2021,50.364448244
56,10,Unbalanced,1.056591112,18.58,27.6,1.431339596,9.545455692,9.034200263,Spring,05/26/2022,48.624152594
58,11,Pollen,0.388354641,16.98,20.3,2.112436121,4.749446551,12.22966343,Summer,08/14/2022,72.027706068
60,11,Pollen,0.375615249,18.96,21.5,2.050477095,5.175878251,13.77973411,Summer,08/14/2022,72.694745216
61,4,Balanced,0.550257111,20.46,27.5,1.68134169,7.261667062,13.19686182,Spring,04/07/2022,64.505428988
62,4,Balanced,0.712617712,24.55,24.7,2.296318627,10.21547673,14.33514289,Spring,04/07/2022,58.390147018
63,8,Unbalanced,2.738716504,16.76,28.4,1.601701887,12.27599937,4.482391423,Winter,03/10/2022,26.747147016
64,6,Unbalanced,4.575552332,17.92,29.6,1.522603184,14.70603515,3.214045887,Winter,12/09/2021,17.935442816
66,3,Balanced,1.075389621,13.66,27.8,1.288241124,7.0777268,6.581546503,Winter,02/17/2022,48.183723665
67,2,Balanced,1.03920379,21.28,26.8,1.658666605,10.84449909,10.43539217,Winter,01/06/2022,49.038747626
68,5,Balanced,0.387013182,16.23,26.9,1.556881821,4.528249381,11.70050425,Spring,05/09/2022,72.097368141
69,1,Balanced,1.059483731,14.14,27.4,1.365622085,7.275621601,6.867138574,Winter,11/04/2021,48.555858185
70,7,Unbalanced,4.013246937,16.5,25.6,1.905896376,13.20881124,3.29130289,Winter,01/27/2022,19.947152269
71,7,Unbalanced,3.761398674,13.2,29.6,1.246843783,10.42539429,2.771680216,Winter,01/27/2022,21.002232084
73,7,Unbalanced,3.629499822,7.12,19.8,1.446712029,5.581596769,1.537841863,Winter,01/27/2022,21.600605644
75,6,Unbalanced,4.114644391,14.43,19.7,2.290075184,11.60709967,2.820924134,Winter,12/09/2021,19.551701413
76,4,Balanced,0.47713444,16.86,22.8,2.005559753,5.446253313,11.41450472,Spring,04/07/2022,67.69864497
78,3,Balanced,1.184738509,13.95,19.4,2.174096659,7.565268551,6.385601962,Winter,02/17/2022,45.772068173
80,8,Unbalanced,5.232048527,20.14,29.8,1.868845731,16.91027941,3.232057065,Winter,03/10/2022,16.046088144
