Treatment,ColonyID,BeeID,Trial number,Time to finish (sec),Distance (cm),Number of visits feeders,Approach angle from center (degrees),"Center approach (1=center, 0=side)",TestingDate,EmergenceDate,AgeDays,AgeRelativeToColony
Balanced,1,1,1,53.3,1153.96,12,21.1757,1,2023-03-18,2023-02-09,37,-2
Balanced,1,1,2,27.9,500.801,4,2.84635,1,2023-03-18,2023-02-09,37,-2
Balanced,1,1,3,11,515.942,1,63.7276,0,2023-03-18,2023-02-09,37,-2
Balanced,1,1,4,5.93,212.66,2,4.60328,1,2023-03-18,2023-02-09,37,-2
Balanced,1,1,5,6.23,283.255,1,14.8082,1,2023-03-18,2023-02-09,37,-2
Balanced,1,1,6,8.23,370.898,2,10.5799,1,2023-03-18,2023-02-09,37,-2
Balanced,1,1,7,5.87,124.977,1,26.636,1,2023-03-18,2023-02-09,37,-2
Balanced,1,1,8,5.77,186.196,2,7.18016,1,2023-03-18,2023-02-09,37,-2
Balanced,1,2,1,19,509.32,5,66.1199,0,2023-03-20,2023-02-09,39,0
Balanced,1,2,2,20.3,781.34,8,42.4128,1,2023-03-20,2023-02-09,39,0
Balanced,1,2,3,20.8,597.096,7,12.5838,1,2023-03-20,2023-02-09,39,0
Balanced,1,2,4,13.3,422.31,6,65.0423,0,2023-03-20,2023-02-09,39,0
Balanced,1,2,5,5.97,189.101,1,8.68324,1,2023-03-20,2023-02-09,39,0
Balanced,1,2,6,6.4,131.73,1,2.35219,1,2023-03-20,2023-02-09,39,0
Balanced,1,2,7,3.97,153.334,1,7.28257,1,2023-03-20,2023-02-09,39,0
Balanced,1,2,8,6.57,122.74,1,63.869,0,2023-03-20,2023-02-09,39,0
Balanced,1,3,1,12,286.265,3,9.72093,1,2023-03-20,2023-02-09,39,0
Balanced,1,3,2,17.5,599.152,3,11.2948,1,2023-03-20,2023-02-09,39,0
Balanced,1,3,3,32.8,547.345,3,6.85547,1,2023-03-20,2023-02-09,39,0
Balanced,1,3,4,24,393.3,4,48.393,0,2023-03-20,2023-02-09,39,0
Balanced,1,3,5,24.1,1351.56,2,26.7775,1,2023-03-20,2023-02-09,39,0
Balanced,1,3,6,4.93,121.377,1,0.223632,1,2023-03-20,2023-02-09,39,0
Balanced,1,3,7,7.83,265.444,1,0.417933,1,2023-03-20,2023-02-09,39,0
Balanced,1,3,8,3.5,72.9842,1,4.69868,1,2023-03-20,2023-02-09,39,0
Balanced,1,4,1,103,1991.86,15,0.21323,1,2023-03-20,2023-02-09,39,0
Balanced,1,4,2,50.7,1711.72,19,9.64172,1,2023-03-20,2023-02-09,39,0
Balanced,1,4,3,29,1044.66,4,15.3608,1,2023-03-20,2023-02-09,39,0
Balanced,1,4,4,38.4,942.794,7,4.55435,1,2023-03-20,2023-02-09,39,0
Balanced,1,4,5,21.1,543.419,5,1.9146,1,2023-03-20,2023-02-09,39,0
Balanced,1,4,6,18.1,796.979,5,29.7855,1,2023-03-20,2023-02-09,39,0
Balanced,1,4,7,13.8,412.466,2,14.1227,1,2023-03-20,2023-02-09,39,0
Balanced,1,4,8,6.53,174.812,1,1.01813,1,2023-03-20,2023-02-09,39,0
Balanced,1,5,1,23.2,903.38,5,69.961,0,2023-03-21,2023-02-09,40,1
Balanced,1,5,2,19.6,594.879,4,14.6862,1,2023-03-21,2023-02-09,40,1
Balanced,1,5,3,30.3,1057.17,7,67.8446,0,2023-03-21,2023-02-09,40,1
Balanced,1,5,4,27.2,999.816,10,1.45363,1,2023-03-21,2023-02-09,40,1
Balanced,1,5,5,5.1,118.426,1,5.09228,1,2023-03-21,2023-02-09,40,1
Balanced,1,5,6,7.73,336.5,2,14.7893,1,2023-03-21,2023-02-09,40,1
Balanced,1,5,7,8.23,365.92,1,27.3699,1,2023-03-21,2023-02-09,40,1
Balanced,1,5,8,7.37,189.464,3,66.8014,0,2023-03-21,2023-02-09,40,1
Balanced,1,6,1,48.5,841.719,6,3.6574,1,2023-03-21,2023-02-09,40,1
Balanced,1,6,2,23.4,600.597,5,19.5797,1,2023-03-21,2023-02-09,40,1
Balanced,1,6,3,6.97,179.304,2,46.463,0,2023-03-21,2023-02-09,40,1
Balanced,1,6,4,12.8,598.261,2,18.2427,1,2023-03-21,2023-02-09,40,1
Balanced,1,6,5,13.2,418.696,3,39.5597,1,2023-03-21,2023-02-09,40,1
Balanced,1,6,6,19.6,587.498,5,14.9702,1,2023-03-21,2023-02-09,40,1
Balanced,1,6,7,11.6,500.625,2,61.5331,0,2023-03-21,2023-02-09,40,1
Balanced,1,6,8,6.13,158.701,2,52.2727,0,2023-03-21,2023-02-09,40,1
Balanced,2,7,1,15.6,309.519,3,53.9726,0,2023-03-21,2023-02-15,34,-3.333333333
Balanced,2,7,2,12.3,503.699,2,44.5576,0,2023-03-21,2023-02-15,34,-3.333333333
Balanced,2,7,3,8.2,178.8,1,12.6057,1,2023-03-21,2023-02-15,34,-3.333333333
Balanced,2,7,4,18.7,769.941,3,66.1853,0,2023-03-21,2023-02-15,34,-3.333333333
Balanced,2,7,5,4.93,115.04,1,43.3252,0,2023-03-21,2023-02-15,34,-3.333333333
Balanced,2,7,6,6.47,112.624,1,23.2618,1,2023-03-21,2023-02-15,34,-3.333333333
Balanced,2,7,7,11.6,256.549,1,7.51957,1,2023-03-21,2023-02-15,34,-3.333333333
Balanced,2,7,8,4.37,101.659,1,47.6496,0,2023-03-21,2023-02-15,34,-3.333333333
Balanced,2,8,1,20,742.923,3,2.01311,1,2023-03-21,2023-02-15,34,-3.333333333
Balanced,2,8,2,36.4,1730.14,4,8.51562,1,2023-03-21,2023-02-15,34,-3.333333333
Balanced,2,8,3,13.6,541.835,2,67.3552,0,2023-03-21,2023-02-15,34,-3.333333333
Balanced,2,8,4,17.7,548.807,3,40.3215,1,2023-03-21,2023-02-15,34,-3.333333333
Balanced,2,8,5,4.8,198.994,1,29.0859,1,2023-03-21,2023-02-15,34,-3.333333333
Balanced,2,8,6,11,339.13,2,1.81684,1,2023-03-21,2023-02-15,34,-3.333333333
Balanced,2,8,7,3.6,57.5767,1,12.9899,1,2023-03-21,2023-02-15,34,-3.333333333
Balanced,2,8,8,7.63,262.975,2,36.8388,1,2023-03-21,2023-02-15,34,-3.333333333
Balanced,2,9,1,31,935.53,6,22.433,1,2023-03-26,2023-02-15,39,1.6666666667
Balanced,2,9,2,30.7,934.214,8,41.6597,1,2023-03-26,2023-02-15,39,1.6666666667
Balanced,2,9,3,17.7,996.725,2,22.0398,1,2023-03-26,2023-02-15,39,1.6666666667
Balanced,2,9,4,7.4,342.633,2,11.8072,1,2023-03-26,2023-02-15,39,1.6666666667
Balanced,2,9,5,5.67,147.016,2,38.6842,1,2023-03-26,2023-02-15,39,1.6666666667
Balanced,2,9,6,5.5,167.125,2,66.4362,0,2023-03-26,2023-02-15,39,1.6666666667
Balanced,2,9,7,2.73,58.4795,1,1.56677,1,2023-03-26,2023-02-15,39,1.6666666667
Balanced,2,9,8,8.77,268.129,1,7.68603,1,2023-03-26,2023-02-15,39,1.6666666667
Balanced,2,10,1,27.4,687.402,3,20.6887,1,2023-03-26,2023-02-15,39,1.6666666667
Balanced,2,10,2,11.3,341.146,4,65.6235,0,2023-03-26,2023-02-15,39,1.6666666667
Balanced,2,10,3,13.3,244.025,3,82.5117,0,2023-03-26,2023-02-15,39,1.6666666667
Balanced,2,10,4,12,374.935,2,41.0038,1,2023-03-26,2023-02-15,39,1.6666666667
Balanced,2,10,5,3.43,92.3264,1,8.45891,1,2023-03-26,2023-02-15,39,1.6666666667
Balanced,2,10,6,6.47,291.024,1,35.7229,1,2023-03-26,2023-02-15,39,1.6666666667
Balanced,2,10,7,12.2,258.11,1,0.771066,1,2023-03-26,2023-02-15,39,1.6666666667
Balanced,2,10,8,2.93,64.5075,1,5.15234,1,2023-03-26,2023-02-15,39,1.6666666667
Balanced,2,11,1,48.4,1358.32,16,39.6406,1,2023-03-26,2023-02-15,39,1.6666666667
Balanced,2,11,2,32.9,648.294,9,44.4236,0,2023-03-26,2023-02-15,39,1.6666666667
Balanced,2,11,3,11.2,445.429,3,58.7899,0,2023-03-26,2023-02-15,39,1.6666666667
Balanced,2,11,4,11.1,391.509,3,12.837,1,2023-03-26,2023-02-15,39,1.6666666667
Balanced,2,11,5,13.5,389.58,2,10.9632,1,2023-03-26,2023-02-15,39,1.6666666667
Balanced,2,11,6,7.07,170.141,3,56.8475,0,2023-03-26,2023-02-15,39,1.6666666667
Balanced,2,11,7,8.2,343.578,2,58.4869,0,2023-03-26,2023-02-15,39,1.6666666667
Balanced,2,11,8,11.4,519.091,2,7.56413,1,2023-03-26,2023-02-15,39,1.6666666667
Balanced,2,12,1,25.8,927.747,5,36.7796,1,2023-03-26,2023-02-15,39,1.6666666667
Balanced,2,12,2,12.1,287.625,3,65.259,0,2023-03-26,2023-02-15,39,1.6666666667
Balanced,2,12,3,11.4,323.892,3,18.4836,1,2023-03-26,2023-02-15,39,1.6666666667
Balanced,2,12,4,9.63,248.23,3,64.4528,0,2023-03-26,2023-02-15,39,1.6666666667
Balanced,2,12,5,20.6,709.762,2,28.0062,1,2023-03-26,2023-02-15,39,1.6666666667
Balanced,2,12,6,2.73,58.7092,1,11.4028,1,2023-03-26,2023-02-15,39,1.6666666667
Balanced,2,12,7,7.97,205.103,2,30.8811,1,2023-03-26,2023-02-15,39,1.6666666667
Balanced,2,12,8,6.97,194.583,1,65.8239,0,2023-03-26,2023-02-15,39,1.6666666667
Balanced,3,13,1,16.3,379.81,4,64.8162,0,2023-03-29,2023-02-21,36,-0.833333333
Balanced,3,13,2,27.1,683.965,10,67.2683,0,2023-03-29,2023-02-21,36,-0.833333333
Balanced,3,13,3,3.63,74.6215,1,18.4862,1,2023-03-29,2023-02-21,36,-0.833333333
Balanced,3,13,4,9.7,262.228,3,70.0169,0,2023-03-29,2023-02-21,36,-0.833333333
Balanced,3,13,5,7.5,202.236,1,81.2942,0,2023-03-29,2023-02-21,36,-0.833333333
Balanced,3,13,6,12.5,368.412,3,65.259,0,2023-03-29,2023-02-21,36,-0.833333333
Balanced,3,13,7,2.67,69.1231,1,26.4243,1,2023-03-29,2023-02-21,36,-0.833333333
Balanced,3,13,8,6.3,126.937,1,68.1986,0,2023-03-29,2023-02-21,36,-0.833333333
Balanced,3,14,1,27.8,680.02,8,57.4297,0,2023-03-30,2023-02-21,37,0.1666666667
Balanced,3,14,2,35.1,995.706,12,68.2287,0,2023-03-30,2023-02-21,37,0.1666666667
Balanced,3,14,3,43.3,804.424,5,8.89375,1,2023-03-30,2023-02-21,37,0.1666666667
Balanced,3,14,4,21.1,536.001,8,64.6771,0,2023-03-30,2023-02-21,37,0.1666666667
Balanced,3,14,5,15.9,406.909,6,56.853,0,2023-03-30,2023-02-21,37,0.1666666667
Balanced,3,14,6,2.23,58.7548,1,15.67,1,2023-03-30,2023-02-21,37,0.1666666667
Balanced,3,14,7,12.3,212.474,3,10.5322,1,2023-03-30,2023-02-21,37,0.1666666667
Balanced,3,14,8,3.57,68.5631,1,12.1962,1,2023-03-30,2023-02-21,37,0.1666666667
Balanced,3,15,1,24.4,543.774,7,29.488,1,2023-03-30,2023-02-21,37,0.1666666667
Balanced,3,15,2,3.63,93.4223,1,19.5563,1,2023-03-30,2023-02-21,37,0.1666666667
Balanced,3,15,3,8.97,190.783,3,51.7971,0,2023-03-30,2023-02-21,37,0.1666666667
Balanced,3,15,4,20.8,477.512,5,67.6552,0,2023-03-30,2023-02-21,37,0.1666666667
Balanced,3,15,5,9.87,255.779,2,65.4752,0,2023-03-30,2023-02-21,37,0.1666666667
Balanced,3,15,6,13.4,374.684,3,18.1406,1,2023-03-30,2023-02-21,37,0.1666666667
Balanced,3,15,7,7.4,137.018,2,66.8014,0,2023-03-30,2023-02-21,37,0.1666666667
Balanced,3,15,8,5.97,112.951,1,14.0362,1,2023-03-30,2023-02-21,37,0.1666666667
Balanced,3,16,1,3,58.2411,1,9.4838,1,2023-03-30,2023-02-21,37,0.1666666667
Balanced,3,16,2,24.4,570.283,9,40.1448,1,2023-03-30,2023-02-21,37,0.1666666667
Balanced,3,16,3,25.1,555.073,7,70.6947,0,2023-03-30,2023-02-21,37,0.1666666667
Balanced,3,16,4,10.4,279.61,3,67.3172,0,2023-03-30,2023-02-21,37,0.1666666667
Balanced,3,16,5,7.67,219.51,1,54.2973,0,2023-03-30,2023-02-21,37,0.1666666667
Balanced,3,16,6,4.53,113.315,1,26.5651,1,2023-03-30,2023-02-21,37,0.1666666667
Balanced,3,16,7,2.6,55.9922,1,5.58273,1,2023-03-30,2023-02-21,37,0.1666666667
Balanced,3,16,8,11,235.721,2,1.5162,1,2023-03-30,2023-02-21,37,0.1666666667
Balanced,3,17,1,37.2,754.331,9,78.1022,0,2023-03-30,2023-02-21,37,0.1666666667
Balanced,3,17,2,28.7,691.264,6,69.08,0,2023-03-30,2023-02-21,37,0.1666666667
Balanced,3,17,3,19,427.347,7,68.5631,0,2023-03-30,2023-02-21,37,0.1666666667
Balanced,3,17,4,9.73,274.61,3,68.9273,0,2023-03-30,2023-02-21,37,0.1666666667
Balanced,3,17,5,8.27,170.993,2,74.5618,0,2023-03-30,2023-02-21,37,0.1666666667
Balanced,3,17,6,4.73,199.204,1,42.5681,1,2023-03-30,2023-02-21,37,0.1666666667
Balanced,3,17,7,6.27,212.356,1,13.0622,1,2023-03-30,2023-02-21,37,0.1666666667
Balanced,3,17,8,9.6,291.42,1,56.853,0,2023-03-30,2023-02-21,37,0.1666666667
Balanced,3,18,1,28,521.245,5,86.0722,0,2023-03-30,2023-02-21,37,0.1666666667
Balanced,3,18,2,28.2,1490.18,2,42.8018,1,2023-03-30,2023-02-21,37,0.1666666667
Balanced,3,18,3,8.57,203.986,1,7.98522,1,2023-03-30,2023-02-21,37,0.1666666667
Balanced,3,18,4,21.5,459.915,4,1.67998,1,2023-03-30,2023-02-21,37,0.1666666667
Balanced,3,18,5,4.73,109.914,1,28.3008,1,2023-03-30,2023-02-21,37,0.1666666667
Balanced,3,18,6,11.3,536.68,1,11.5836,1,2023-03-30,2023-02-21,37,0.1666666667
Balanced,3,18,7,6.4,172.372,1,41.0038,1,2023-03-30,2023-02-21,37,0.1666666667
Balanced,3,18,8,3.1,70.3554,1,35.3424,1,2023-03-30,2023-02-21,37,0.1666666667
Balanced,4,19,1,13,310.813,2,67.2683,0,2023-03-30,2023-03-01,29,-1.833333333
Balanced,4,19,2,21.1,537.497,5,64.3063,0,2023-03-30,2023-03-01,29,-1.833333333
Balanced,4,19,3,10.1,331.387,2,53.6089,0,2023-03-30,2023-03-01,29,-1.833333333
Balanced,4,19,4,13.6,342.727,4,60.7568,0,2023-03-30,2023-03-01,29,-1.833333333
Balanced,4,19,5,12.3,291.213,2,73.1132,0,2023-03-30,2023-03-01,29,-1.833333333
Balanced,4,19,6,7.07,192.873,3,63.5802,0,2023-03-30,2023-03-01,29,-1.833333333
Balanced,4,19,7,6.8,162.345,2,60.0129,0,2023-03-30,2023-03-01,29,-1.833333333
Balanced,4,19,8,2.13,50.215,1,10.0099,1,2023-03-30,2023-03-01,29,-1.833333333
Balanced,4,20,1,23.9,592.97,8,68.2592,0,2023-03-30,2023-03-01,29,-1.833333333
Balanced,4,20,2,36.4,680.361,7,28.6105,1,2023-03-30,2023-03-01,29,-1.833333333
Balanced,4,20,3,21.6,444.378,8,65.6235,0,2023-03-30,2023-03-01,29,-1.833333333
Balanced,4,20,4,8.63,272.536,3,26.2092,1,2023-03-30,2023-03-01,29,-1.833333333
Balanced,4,20,5,5.53,111.163,2,66.0707,0,2023-03-30,2023-03-01,29,-1.833333333
Balanced,4,20,6,15.5,385.154,3,65.0321,0,2023-03-30,2023-03-01,29,-1.833333333
Balanced,4,20,7,8.87,142.611,2,65.9213,0,2023-03-30,2023-03-01,29,-1.833333333
Balanced,4,20,8,2.43,52.3006,1,2.46066,1,2023-03-30,2023-03-01,29,-1.833333333
Balanced,4,21,1,13.8,267.845,3,64.8944,0,2023-04-01,2023-03-01,31,0.1666666667
Balanced,4,21,2,7.73,197.675,2,33.4274,1,2023-04-01,2023-03-01,31,0.1666666667
Balanced,4,21,3,31.1,528.436,3,70.4783,0,2023-04-01,2023-03-01,31,0.1666666667
Balanced,4,21,4,7.03,211.296,2,67.3172,0,2023-04-01,2023-03-01,31,0.1666666667
Balanced,4,21,5,10.3,300.011,2,67.1063,0,2023-04-01,2023-03-01,31,0.1666666667
Balanced,4,21,6,2.73,76.3692,1,11.2141,1,2023-04-01,2023-03-01,31,0.1666666667
Balanced,4,21,7,4.37,118.403,1,57.7387,0,2023-04-01,2023-03-01,31,0.1666666667
Balanced,4,21,8,2.7,57.9204,1,2.73609,1,2023-04-01,2023-03-01,31,0.1666666667
Balanced,4,22,1,48.1,1098,14,28.7759,1,2023-04-02,2023-03-01,32,1.1666666667
Balanced,4,22,2,13.4,472.084,3,57.6028,0,2023-04-02,2023-03-01,32,1.1666666667
Balanced,4,22,3,40,786.91,7,67.1663,0,2023-04-02,2023-03-01,32,1.1666666667
Balanced,4,22,4,25,712.776,9,65.6235,0,2023-04-02,2023-03-01,32,1.1666666667
Balanced,4,22,5,19.2,508.942,4,58.5317,0,2023-04-02,2023-03-01,32,1.1666666667
Balanced,4,22,6,7.03,209.99,2,51.7624,0,2023-04-02,2023-03-01,32,1.1666666667
Balanced,4,22,7,5.77,142.689,1,23.2384,1,2023-04-02,2023-03-01,32,1.1666666667
Balanced,4,22,8,12.7,289.503,3,39.9306,1,2023-04-02,2023-03-01,32,1.1666666667
Balanced,4,23,1,23.6,865.9,2,66.0707,0,2023-04-02,2023-03-01,32,1.1666666667
Balanced,4,23,2,18.5,827.708,4,66.7158,0,2023-04-02,2023-03-01,32,1.1666666667
Balanced,4,23,3,18.1,412.963,4,0.281593,1,2023-04-02,2023-03-01,32,1.1666666667
Balanced,4,23,4,3.13,57.6784,1,3.60455,1,2023-04-02,2023-03-01,32,1.1666666667
Balanced,4,23,5,8.33,294.791,2,10.7152,1,2023-04-02,2023-03-01,32,1.1666666667
Balanced,4,23,6,2.8,69.493,1,12.0226,1,2023-04-02,2023-03-01,32,1.1666666667
Balanced,4,23,7,5.97,150.556,1,58.8407,0,2023-04-02,2023-03-01,32,1.1666666667
Balanced,4,23,8,2.17,56.6357,1,2.95145,1,2023-04-02,2023-03-01,32,1.1666666667
Balanced,4,24,1,7.57,201.709,3,68.1986,0,2023-04-02,2023-03-01,32,1.1666666667
Balanced,4,24,2,15.5,380.113,3,2.87055,1,2023-04-02,2023-03-01,32,1.1666666667
Balanced,4,24,3,21,286.04,1,27.1497,1,2023-04-02,2023-03-01,32,1.1666666667
Balanced,4,24,4,45.8,655.017,6,70.4337,0,2023-04-02,2023-03-01,32,1.1666666667
Balanced,4,24,5,4.87,128.026,1,18.1952,1,2023-04-02,2023-03-01,32,1.1666666667
Balanced,4,24,6,14.3,258.623,1,69.961,0,2023-04-02,2023-03-01,32,1.1666666667
Balanced,4,24,7,7.37,274.28,1,65.5293,0,2023-04-02,2023-03-01,32,1.1666666667
Balanced,4,24,8,2.33,56.7522,1,3.09712,1,2023-04-02,2023-03-01,32,1.1666666667
Balanced,5,25,1,32.6,784.164,7,67.567,0,2023-04-04,2023-03-20,15,-2.666666667
Balanced,5,25,2,24.9,436.807,6,31.3113,1,2023-04-04,2023-03-20,15,-2.666666667
Balanced,5,25,3,14.8,338.578,2,66.5663,0,2023-04-04,2023-03-20,15,-2.666666667
Balanced,5,25,4,4.63,156.885,1,64.7385,0,2023-04-04,2023-03-20,15,-2.666666667
Balanced,5,25,5,4.97,196.795,1,6.1132,1,2023-04-04,2023-03-20,15,-2.666666667
Balanced,5,25,6,8.7,254.826,2,34.6148,1,2023-04-04,2023-03-20,15,-2.666666667
Balanced,5,25,7,4.13,141.196,1,60.9768,0,2023-04-04,2023-03-20,15,-2.666666667
Balanced,5,25,8,2.9,60.4398,1,17.1841,1,2023-04-04,2023-03-20,15,-2.666666667
Balanced,5,26,1,13.6,519.405,1,25.4004,1,2023-04-04,2023-03-20,15,-2.666666667
Balanced,5,26,2,15.4,410.521,6,66.8657,0,2023-04-04,2023-03-20,15,-2.666666667
Balanced,5,26,3,15.3,526.079,1,6.35266,1,2023-04-04,2023-03-20,15,-2.666666667
Balanced,5,26,4,4.83,212.21,1,44.6596,0,2023-04-04,2023-03-20,15,-2.666666667
Balanced,5,26,5,6.27,240.625,2,7.62153,1,2023-04-04,2023-03-20,15,-2.666666667
Balanced,5,26,6,20.1,758.003,2,55.2441,0,2023-04-04,2023-03-20,15,-2.666666667
Balanced,5,26,7,2.43,73.7875,1,15.8243,1,2023-04-04,2023-03-20,15,-2.666666667
Balanced,5,26,8,5.8,258.48,1,4.21418,1,2023-04-04,2023-03-20,15,-2.666666667
Balanced,5,27,1,48,1864.55,10,65.3271,0,2023-04-08,2023-03-20,19,1.3333333333
Balanced,5,27,2,18,339.507,5,49.1182,0,2023-04-08,2023-03-20,19,1.3333333333
Balanced,5,27,3,18.7,449.646,5,70.6868,0,2023-04-08,2023-03-20,19,1.3333333333
Balanced,5,27,4,9.07,259.596,4,50.0898,0,2023-04-08,2023-03-20,19,1.3333333333
Balanced,5,27,5,5.8,147.548,2,53.514,0,2023-04-08,2023-03-20,19,1.3333333333
Balanced,5,27,6,4.07,87.4431,1,5.88292,1,2023-04-08,2023-03-20,19,1.3333333333
Balanced,5,27,7,4.43,90.8457,1,3.20327,1,2023-04-08,2023-03-20,19,1.3333333333
Balanced,5,27,8,7.03,209.304,1,63.9433,0,2023-04-08,2023-03-20,19,1.3333333333
Balanced,5,28,1,59.3,1203.03,12,44.7744,0,2023-04-08,2023-03-20,19,1.3333333333
Balanced,5,28,2,9.93,323.449,2,23.7026,1,2023-04-08,2023-03-20,19,1.3333333333
Balanced,5,28,3,18.7,374.194,4,64.8944,0,2023-04-08,2023-03-20,19,1.3333333333
Balanced,5,28,4,6.5,142.217,2,65.4074,0,2023-04-08,2023-03-20,19,1.3333333333
Balanced,5,28,5,5.8,159.504,1,12.3606,1,2023-04-08,2023-03-20,19,1.3333333333
Balanced,5,28,6,4.77,103.558,1,7.8131,1,2023-04-08,2023-03-20,19,1.3333333333
Balanced,5,28,7,3.43,63.2408,1,13.1496,1,2023-04-08,2023-03-20,19,1.3333333333
Balanced,5,28,8,7.3,192.638,1,43.4025,0,2023-04-08,2023-03-20,19,1.3333333333
Balanced,5,29,1,14.4,550.5,4,73.6725,0,2023-04-08,2023-03-20,19,1.3333333333
Balanced,5,29,2,9.83,330.329,3,57.6887,0,2023-04-08,2023-03-20,19,1.3333333333
Balanced,5,29,3,21.4,471.001,4,54.1262,0,2023-04-08,2023-03-20,19,1.3333333333
Balanced,5,29,4,3.03,76.6493,1,7.14511,1,2023-04-08,2023-03-20,19,1.3333333333
Balanced,5,29,5,13,481.039,3,15.2997,1,2023-04-08,2023-03-20,19,1.3333333333
Balanced,5,29,6,2.1,49.673,1,3.63845,1,2023-04-08,2023-03-20,19,1.3333333333
Balanced,5,29,7,5.3,94.4528,1,49.8596,0,2023-04-08,2023-03-20,19,1.3333333333
Balanced,5,29,8,5.77,71.4658,1,3.82449,1,2023-04-08,2023-03-20,19,1.3333333333
Balanced,5,30,1,16.7,397.145,4,66.6309,0,2023-04-08,2023-03-20,19,1.3333333333
Balanced,5,30,2,11.1,498.339,2,2.90288,1,2023-04-08,2023-03-20,19,1.3333333333
Balanced,5,30,3,9.2,263.455,3,63.7276,0,2023-04-08,2023-03-20,19,1.3333333333
Balanced,5,30,4,10.3,238.531,3,68.1684,0,2023-04-08,2023-03-20,19,1.3333333333
Balanced,5,30,5,4.57,131.808,1,9.42079,1,2023-04-08,2023-03-20,19,1.3333333333
Balanced,5,30,6,3.6,95.8698,1,19.7058,1,2023-04-08,2023-03-20,19,1.3333333333
Balanced,5,30,7,4.8,144.456,1,14.1314,1,2023-04-08,2023-03-20,19,1.3333333333
Balanced,5,30,8,7.3,183.814,1,9.23791,1,2023-04-08,2023-03-20,19,1.3333333333
Unbalanced,6,31,1,20,489.231,6,93.7712,0,2023-04-17,2023-03-27,21,-0.5
Unbalanced,6,31,2,5.4,218.41,2,35.3166,1,2023-04-17,2023-03-27,21,-0.5
Unbalanced,6,31,3,11.1,229.665,4,63.9433,0,2023-04-17,2023-03-27,21,-0.5
Unbalanced,6,31,4,9.5,273.098,5,56.9356,0,2023-04-17,2023-03-27,21,-0.5
Unbalanced,6,31,5,3.67,57.3652,1,10.328,1,2023-04-17,2023-03-27,21,-0.5
Unbalanced,6,31,6,5.6,147.702,1,67.2296,0,2023-04-17,2023-03-27,21,-0.5
Unbalanced,6,31,7,3.2,54.1523,1,6.73576,1,2023-04-17,2023-03-27,21,-0.5
Unbalanced,6,31,8,3.4,77.9648,1,4.0276,1,2023-04-17,2023-03-27,21,-0.5
Unbalanced,6,32,1,11,512.962,1,56.5346,0,2023-04-17,2023-03-27,21,-0.5
Unbalanced,6,32,2,24.1,438.896,5,63.1437,0,2023-04-17,2023-03-27,21,-0.5
Unbalanced,6,32,3,20,402.502,3,66.9076,0,2023-04-17,2023-03-27,21,-0.5
Unbalanced,6,32,4,6.03,213.201,2,4.45645,1,2023-04-17,2023-03-27,21,-0.5
Unbalanced,6,32,5,12.1,227.983,4,68.1684,0,2023-04-17,2023-03-27,21,-0.5
Unbalanced,6,32,6,4.53,57.5055,1,7.16441,1,2023-04-17,2023-03-27,21,-0.5
Unbalanced,6,32,7,25.2,764.378,8,12.7114,1,2023-04-17,2023-03-27,21,-0.5
Unbalanced,6,32,8,4.63,72.1767,1,63.1474,0,2023-04-17,2023-03-27,21,-0.5
Unbalanced,6,33,1,55.7,1315.2,16,41.9872,1,2023-04-17,2023-03-27,21,-0.5
Unbalanced,6,33,2,59.3,1266.98,13,7.54811,1,2023-04-17,2023-03-27,21,-0.5
Unbalanced,6,33,3,5.47,105.778,2,68.9859,0,2023-04-17,2023-03-27,21,-0.5
Unbalanced,6,33,4,118,2529.02,25,6.07997,1,2023-04-17,2023-03-27,21,-0.5
Unbalanced,6,33,5,23.9,297.655,3,82.161,0,2023-04-17,2023-03-27,21,-0.5
Unbalanced,6,33,6,8.77,310.939,4,54.3335,0,2023-04-17,2023-03-27,21,-0.5
Unbalanced,6,33,7,26,676.655,7,37.7914,1,2023-04-17,2023-03-27,21,-0.5
Unbalanced,6,33,8,35.6,1123.14,13,51.3153,0,2023-04-17,2023-03-27,21,-0.5
Unbalanced,6,34,1,34.3,939.146,14,66.4362,0,2023-04-17,2023-03-27,21,-0.5
Unbalanced,6,34,2,7.33,178.697,1,65.8391,0,2023-04-17,2023-03-27,21,-0.5
Unbalanced,6,34,3,3.53,61.5175,1,9.91045,1,2023-04-17,2023-03-27,21,-0.5
Unbalanced,6,34,4,4.33,65.2601,1,0.397587,1,2023-04-17,2023-03-27,21,-0.5
Unbalanced,6,34,5,16.7,487.407,8,56.3542,0,2023-04-17,2023-03-27,21,-0.5
Unbalanced,6,34,6,4.63,103.773,1,1.88302,1,2023-04-17,2023-03-27,21,-0.5
Unbalanced,6,34,7,5.93,174.812,1,66.137,0,2023-04-17,2023-03-27,21,-0.5
Unbalanced,6,34,8,4.47,112.268,1,64.7468,0,2023-04-17,2023-03-27,21,-0.5
Unbalanced,6,35,1,12.9,377.88,5,15.7106,1,2023-04-18,2023-03-27,22,0.5
Unbalanced,6,35,2,13.2,373.736,5,59.8495,0,2023-04-18,2023-03-27,22,0.5
Unbalanced,6,35,3,17.4,523.205,5,67.0794,0,2023-04-18,2023-03-27,22,0.5
Unbalanced,6,35,4,8.9,227.174,3,51.3896,0,2023-04-18,2023-03-27,22,0.5
Unbalanced,6,35,5,7.5,221.713,2,61.5452,0,2023-04-18,2023-03-27,22,0.5
Unbalanced,6,35,6,2.8,59.7803,1,0.937201,1,2023-04-18,2023-03-27,22,0.5
Unbalanced,6,35,7,5.43,120.368,2,70.7407,0,2023-04-18,2023-03-27,22,0.5
Unbalanced,6,35,8,6.2,178.254,2,8.15309,1,2023-04-18,2023-03-27,22,0.5
Unbalanced,6,36,1,10.1,377.81,3,20.5941,1,2023-04-19,2023-03-27,23,1.5
Unbalanced,6,36,2,2.83,67.7926,1,2.84736,1,2023-04-19,2023-03-27,23,1.5
Unbalanced,6,36,3,7.13,253.397,3,20.647,1,2023-04-19,2023-03-27,23,1.5
Unbalanced,6,36,4,78.6,1863.54,22,36.7121,1,2023-04-19,2023-03-27,23,1.5
Unbalanced,6,36,5,14.5,316.177,5,67.3172,0,2023-04-19,2023-03-27,23,1.5
Unbalanced,6,36,6,9.53,274.028,3,66.2028,0,2023-04-19,2023-03-27,23,1.5
Unbalanced,6,36,7,4.33,96.3258,2,68.0468,0,2023-04-19,2023-03-27,23,1.5
Unbalanced,6,36,8,3.2,65.1058,1,5.60662,1,2023-04-19,2023-03-27,23,1.5
Unbalanced,7,37,1,41.1,858.14,9,11.0474,1,2023-04-23,2023-04-03,20,-1.666666667
Unbalanced,7,37,2,16.6,388.951,3,26.6369,1,2023-04-23,2023-04-03,20,-1.666666667
Unbalanced,7,37,3,4.07,67.1885,1,5.49921,1,2023-04-23,2023-04-03,20,-1.666666667
Unbalanced,7,37,4,46.4,930.08,4,4.70403,1,2023-04-23,2023-04-03,20,-1.666666667
Unbalanced,7,37,5,14,439.739,5,27.9307,1,2023-04-23,2023-04-03,20,-1.666666667
Unbalanced,7,37,6,4.03,82.3352,1,5.56426,1,2023-04-23,2023-04-03,20,-1.666666667
Unbalanced,7,37,7,6.47,167.083,2,6.67311,1,2023-04-23,2023-04-03,20,-1.666666667
Unbalanced,7,37,8,2.57,60.5251,1,2.49432,1,2023-04-23,2023-04-03,20,-1.666666667
Unbalanced,7,38,1,29.5,354.532,6,68.4017,0,2023-04-23,2023-04-03,20,-1.666666667
Unbalanced,7,38,2,9.7,326.602,4,61.3895,0,2023-04-23,2023-04-03,20,-1.666666667
Unbalanced,7,38,3,40.6,1327.94,7,27.6597,1,2023-04-23,2023-04-03,20,-1.666666667
Unbalanced,7,38,4,29.9,992.949,13,32.7062,1,2023-04-23,2023-04-03,20,-1.666666667
Unbalanced,7,38,5,20.6,865.397,7,57.6965,0,2023-04-23,2023-04-03,20,-1.666666667
Unbalanced,7,38,6,11.5,183.201,2,34.2869,1,2023-04-23,2023-04-03,20,-1.666666667
Unbalanced,7,38,7,9.23,242.818,2,31.3832,1,2023-04-23,2023-04-03,20,-1.666666667
Unbalanced,7,38,8,6.47,103.513,2,66.6513,0,2023-04-23,2023-04-03,20,-1.666666667
Unbalanced,7,39,1,16.4,629.366,4,66.137,0,2023-04-24,2023-04-03,21,-0.666666667
Unbalanced,7,39,2,11.9,377.634,2,20.8401,1,2023-04-24,2023-04-03,21,-0.666666667
Unbalanced,7,39,3,6.47,197.618,2,67.8671,0,2023-04-24,2023-04-03,21,-0.666666667
Unbalanced,7,39,4,16.8,301.547,2,10.907,1,2023-04-24,2023-04-03,21,-0.666666667
Unbalanced,7,39,5,14.7,659.442,3,29.0697,1,2023-04-24,2023-04-03,21,-0.666666667
Unbalanced,7,39,6,16.9,502.015,4,45.6931,0,2023-04-24,2023-04-03,21,-0.666666667
Unbalanced,7,39,7,15.3,469.24,3,33.2875,1,2023-04-24,2023-04-03,21,-0.666666667
Unbalanced,7,39,8,15.3,490.905,4,23.6847,1,2023-04-24,2023-04-03,21,-0.666666667
Unbalanced,7,40,1,40.1,1067.36,7,54.4623,0,2023-04-24,2023-04-03,21,-0.666666667
Unbalanced,7,40,2,34.8,1101.32,10,41.2759,1,2023-04-24,2023-04-03,21,-0.666666667
Unbalanced,7,40,3,29.5,1125.81,4,40.9623,1,2023-04-24,2023-04-03,21,-0.666666667
Unbalanced,7,40,4,10.1,259.736,3,66.2864,0,2023-04-24,2023-04-03,21,-0.666666667
Unbalanced,7,40,5,21.6,599.913,6,53.3856,0,2023-04-24,2023-04-03,21,-0.666666667
Unbalanced,7,40,6,6.93,326.486,1,44.4543,0,2023-04-24,2023-04-03,21,-0.666666667
Unbalanced,7,40,7,3.83,57.8707,1,1.88853,1,2023-04-24,2023-04-03,21,-0.666666667
Unbalanced,7,40,8,15.8,407.504,3,66.8014,0,2023-04-24,2023-04-03,21,-0.666666667
Unbalanced,7,41,1,12,233.909,4,59.6161,0,2023-04-27,2023-04-03,24,2.3333333333
Unbalanced,7,41,2,15,851.39,2,12.1857,1,2023-04-27,2023-04-03,24,2.3333333333
Unbalanced,7,41,3,11.6,590.342,2,13.0552,1,2023-04-27,2023-04-03,24,2.3333333333
Unbalanced,7,41,4,8.4,177.305,2,14.264,1,2023-04-27,2023-04-03,24,2.3333333333
Unbalanced,7,41,5,9.73,213.286,3,67.3801,0,2023-04-27,2023-04-03,24,2.3333333333
Unbalanced,7,41,6,9.8,305.567,2,28.393,1,2023-04-27,2023-04-03,24,2.3333333333
Unbalanced,7,41,7,13,398.087,2,16.3877,1,2023-04-27,2023-04-03,24,2.3333333333
Unbalanced,7,41,8,6.67,118.258,2,66.4362,0,2023-04-27,2023-04-03,24,2.3333333333
Unbalanced,7,42,1,41.5,1098.56,15,45.1157,0,2023-04-27,2023-04-03,24,2.3333333333
Unbalanced,7,42,2,34.9,1320.16,7,40.6513,1,2023-04-27,2023-04-03,24,2.3333333333
Unbalanced,7,42,3,71.1,1758.58,11,42.8389,1,2023-04-27,2023-04-03,24,2.3333333333
Unbalanced,7,42,4,12.8,418.895,3,51.3402,0,2023-04-27,2023-04-03,24,2.3333333333
Unbalanced,7,42,5,12.1,376.511,2,68.1986,0,2023-04-27,2023-04-03,24,2.3333333333
Unbalanced,7,42,6,11.7,277.356,4,56.4872,0,2023-04-27,2023-04-03,24,2.3333333333
Unbalanced,7,42,7,5.17,109.614,1,53.033,0,2023-04-27,2023-04-03,24,2.3333333333
Unbalanced,7,42,8,4.33,120.203,2,55.9467,0,2023-04-27,2023-04-03,24,2.3333333333
Unbalanced,8,43,1,41.4,802.573,13,65.1906,0,2023-04-30,2023-04-10,20,-2.833333333
Unbalanced,8,43,2,14.4,455.366,4,38.4393,1,2023-04-30,2023-04-10,20,-2.833333333
Unbalanced,8,43,3,38.5,892.719,6,82.0779,0,2023-04-30,2023-04-10,20,-2.833333333
Unbalanced,8,43,4,6.4,164.996,1,57.2157,0,2023-04-30,2023-04-10,20,-2.833333333
Unbalanced,8,43,5,19.4,544.819,7,66.8657,0,2023-04-30,2023-04-10,20,-2.833333333
Unbalanced,8,43,6,14.2,444.012,5,66.2683,0,2023-04-30,2023-04-10,20,-2.833333333
Unbalanced,8,43,7,9.07,309.867,1,58.0633,0,2023-04-30,2023-04-10,20,-2.833333333
Unbalanced,8,43,8,13.4,408.596,3,41.5284,1,2023-04-30,2023-04-10,20,-2.833333333
Unbalanced,8,44,1,7.47,170.557,3,63.7258,0,2023-04-30,2023-04-10,20,-2.833333333
Unbalanced,8,44,2,28.8,865.832,10,60.0728,0,2023-04-30,2023-04-10,20,-2.833333333
Unbalanced,8,44,3,27.6,754.773,6,82.9165,0,2023-04-30,2023-04-10,20,-2.833333333
Unbalanced,8,44,4,25.1,786.514,12,66.8014,0,2023-04-30,2023-04-10,20,-2.833333333
Unbalanced,8,44,5,12.6,315.593,4,59.5098,0,2023-04-30,2023-04-10,20,-2.833333333
Unbalanced,8,44,6,15,453.779,6,14.8999,1,2023-04-30,2023-04-10,20,-2.833333333
Unbalanced,8,44,7,9.03,337.653,2,23.9137,1,2023-04-30,2023-04-10,20,-2.833333333
Unbalanced,8,44,8,4.43,93.6149,1,3.61473,1,2023-04-30,2023-04-10,20,-2.833333333
Unbalanced,8,45,1,30.8,772.766,12,67.5933,0,2023-05-03,2023-04-10,23,0.1666666667
Unbalanced,8,45,2,23.2,1021.14,4,0.31935,1,2023-05-03,2023-04-10,23,0.1666666667
Unbalanced,8,45,3,14.8,364.297,2,28.8817,1,2023-05-03,2023-04-10,23,0.1666666667
Unbalanced,8,45,4,14.1,448.861,3,65.1005,0,2023-05-03,2023-04-10,23,0.1666666667
Unbalanced,8,45,5,9.03,204.82,4,61.5452,0,2023-05-03,2023-04-10,23,0.1666666667
Unbalanced,8,45,6,4.47,135.499,2,64.3063,0,2023-05-03,2023-04-10,23,0.1666666667
Unbalanced,8,45,7,4.17,76.4438,2,67.2831,0,2023-05-03,2023-04-10,23,0.1666666667
Unbalanced,8,45,8,6.53,172.932,2,61.2602,0,2023-05-03,2023-04-10,23,0.1666666667
Unbalanced,8,46,1,27.2,818.303,10,28.5351,1,2023-05-04,2023-04-10,24,1.1666666667
Unbalanced,8,46,2,25.7,718.862,8,36.8699,1,2023-05-04,2023-04-10,24,1.1666666667
Unbalanced,8,46,3,9.53,327.267,1,27.5651,1,2023-05-04,2023-04-10,24,1.1666666667
Unbalanced,8,46,4,9.73,320.137,2,65.4752,0,2023-05-04,2023-04-10,24,1.1666666667
Unbalanced,8,46,5,4.53,144.848,1,37.711,1,2023-05-04,2023-04-10,24,1.1666666667
Unbalanced,8,46,6,7.6,225.57,2,46.8328,0,2023-05-04,2023-04-10,24,1.1666666667
Unbalanced,8,46,7,6.87,151.688,2,64.3825,0,2023-05-04,2023-04-10,24,1.1666666667
Unbalanced,8,46,8,4.87,155.65,1,29.6237,1,2023-05-04,2023-04-10,24,1.1666666667
Unbalanced,8,47,1,12.6,284.276,3,63.7258,0,2023-05-05,2023-04-10,25,2.1666666667
Unbalanced,8,47,2,13.6,385.465,3,65.1906,0,2023-05-05,2023-04-10,25,2.1666666667
Unbalanced,8,47,3,8.53,213.46,1,63.6536,0,2023-05-05,2023-04-10,25,2.1666666667
Unbalanced,8,47,4,11,338.45,4,44.6583,0,2023-05-05,2023-04-10,25,2.1666666667
Unbalanced,8,47,5,4.63,146.691,1,6.5153,1,2023-05-05,2023-04-10,25,2.1666666667
Unbalanced,8,47,6,12.9,326.366,3,42.2628,1,2023-05-05,2023-04-10,25,2.1666666667
Unbalanced,8,47,7,8.13,294.158,1,63.3627,0,2023-05-05,2023-04-10,25,2.1666666667
Unbalanced,8,47,8,3.77,92.3104,1,9.56669,1,2023-05-05,2023-04-10,25,2.1666666667
Unbalanced,8,48,1,29.6,760.671,11,66.8657,0,2023-05-05,2023-04-10,25,2.1666666667
Unbalanced,8,48,2,4,89.3641,1,15.0673,1,2023-05-05,2023-04-10,25,2.1666666667
Unbalanced,8,48,3,50,979.132,13,60.8357,0,2023-05-05,2023-04-10,25,2.1666666667
Unbalanced,8,48,4,22.8,483.885,5,65.4623,0,2023-05-05,2023-04-10,25,2.1666666667
Unbalanced,8,48,5,27.9,506.268,7,76.336,0,2023-05-05,2023-04-10,25,2.1666666667
Unbalanced,8,48,6,6.53,209.519,1,41.1253,1,2023-05-05,2023-04-10,25,2.1666666667
Unbalanced,8,48,7,11,441.203,1,67.531,0,2023-05-05,2023-04-10,25,2.1666666667
Unbalanced,8,48,8,8.57,167.33,1,65.556,0,2023-05-05,2023-04-10,25,2.1666666667
Unbalanced,9,49,1,2.37,51.4929,1,3.03954,1,2023-05-07,2023-04-24,13,-3
Unbalanced,9,49,2,45.5,934.017,9,68.7749,0,2023-05-07,2023-04-24,13,-3
Unbalanced,9,49,3,11.1,235.091,4,64.8852,0,2023-05-07,2023-04-24,13,-3
Unbalanced,9,49,4,31.1,576.097,10,66.7158,0,2023-05-07,2023-04-24,13,-3
Unbalanced,9,49,5,14.3,321.255,3,64.0935,0,2023-05-07,2023-04-24,13,-3
Unbalanced,9,49,6,16.8,403.069,3,4.33413,1,2023-05-07,2023-04-24,13,-3
Unbalanced,9,49,7,12.3,179.912,2,55.8164,0,2023-05-07,2023-04-24,13,-3
Unbalanced,9,49,8,9.77,216.696,1,61.4675,0,2023-05-07,2023-04-24,13,-3
Unbalanced,9,50,1,35.8,828.207,8,59.3646,0,2023-05-08,2023-04-24,14,-2
Unbalanced,9,50,2,24.3,712.27,8,1.69306,1,2023-05-08,2023-04-24,14,-2
Unbalanced,9,50,3,5.97,154.05,2,62.1959,0,2023-05-08,2023-04-24,14,-2
Unbalanced,9,50,4,32.6,817.824,11,62.485,0,2023-05-08,2023-04-24,14,-2
Unbalanced,9,50,5,16.8,375.709,4,70.4536,0,2023-05-08,2023-04-24,14,-2
Unbalanced,9,50,6,15.3,462.797,5,35.3005,1,2023-05-08,2023-04-24,14,-2
Unbalanced,9,50,7,11.5,368.125,2,69.3486,0,2023-05-08,2023-04-24,14,-2
Unbalanced,9,50,8,8.1,219.957,3,51.4121,0,2023-05-08,2023-04-24,14,-2
Unbalanced,9,51,1,22.6,589.5,6,64.825,0,2023-05-09,2023-04-24,15,-1
Unbalanced,9,51,2,30.9,805.216,8,47.3812,0,2023-05-09,2023-04-24,15,-1
Unbalanced,9,51,3,29.9,473.819,3,64.3765,0,2023-05-09,2023-04-24,15,-1
Unbalanced,9,51,4,9.03,276.017,3,61.7546,0,2023-05-09,2023-04-24,15,-1
Unbalanced,9,51,5,22.6,675.333,8,62.6352,0,2023-05-09,2023-04-24,15,-1
Unbalanced,9,51,6,4.73,117.403,1,11.8456,1,2023-05-09,2023-04-24,15,-1
Unbalanced,9,51,7,7.47,171.889,3,68.3177,0,2023-05-09,2023-04-24,15,-1
Unbalanced,9,51,8,16.3,412.681,6,67.1663,0,2023-05-09,2023-04-24,15,-1
Unbalanced,9,52,1,29.6,794.931,6,59.8722,0,2023-05-10,2023-04-24,16,0
Unbalanced,9,52,2,7.57,180.106,2,65.7428,0,2023-05-10,2023-04-24,16,0
Unbalanced,9,52,3,15.4,267.655,3,67.8953,0,2023-05-10,2023-04-24,16,0
Unbalanced,9,52,4,11.8,314.536,5,60.9454,0,2023-05-10,2023-04-24,16,0
Unbalanced,9,52,5,18.2,463.379,4,74.114,0,2023-05-10,2023-04-24,16,0
Unbalanced,9,52,6,3.13,77.2195,1,10.9632,1,2023-05-10,2023-04-24,16,0
Unbalanced,9,52,7,2.4,63.8287,1,14.3095,1,2023-05-10,2023-04-24,16,0
Unbalanced,9,52,8,11.6,355.121,3,66.8014,0,2023-05-10,2023-04-24,16,0
Unbalanced,9,53,1,49.2,1061.28,17,57.875,0,2023-05-11,2023-04-24,17,1
Unbalanced,9,53,2,28.3,808.669,8,13.9176,1,2023-05-11,2023-04-24,17,1
Unbalanced,9,53,3,21.1,491.558,3,14.5562,1,2023-05-11,2023-04-24,17,1
Unbalanced,9,53,4,10.2,294.785,5,31.4683,1,2023-05-11,2023-04-24,17,1
Unbalanced,9,53,5,26.1,444.997,7,65.7575,0,2023-05-11,2023-04-24,17,1
Unbalanced,9,53,6,25,509.105,6,68.9859,0,2023-05-11,2023-04-24,17,1
Unbalanced,9,53,7,19.3,485.618,6,61.8418,0,2023-05-11,2023-04-24,17,1
Unbalanced,9,53,8,15.4,508.649,5,67.1663,0,2023-05-11,2023-04-24,17,1
Unbalanced,9,54,1,55.6,1004.74,7,36.5434,1,2023-05-15,2023-04-24,21,5
Unbalanced,9,54,2,48.6,972.058,4,34.9025,1,2023-05-15,2023-04-24,21,5
Unbalanced,9,54,3,2.7,61.3296,1,24.6729,1,2023-05-15,2023-04-24,21,5
Unbalanced,9,54,4,15.1,472.144,4,54.0733,0,2023-05-15,2023-04-24,21,5
Unbalanced,9,54,5,16,683.026,4,21.9771,1,2023-05-15,2023-04-24,21,5
Unbalanced,9,54,6,35.7,750.794,9,45.8102,0,2023-05-15,2023-04-24,21,5
Unbalanced,9,54,7,3.37,74.0415,1,35.6697,1,2023-05-15,2023-04-24,21,5
Unbalanced,9,54,8,12.3,788.034,2,33.2364,1,2023-05-15,2023-04-24,21,5
Unbalanced,10,55,1,31.3,1037.19,6,5.06917,1,2023-05-17,2023-05-01,16,-2.5
Unbalanced,10,55,2,37.5,1062.55,6,6.40271,1,2023-05-17,2023-05-01,16,-2.5
Unbalanced,10,55,3,27.1,437.049,3,55.7681,0,2023-05-17,2023-05-01,16,-2.5
Unbalanced,10,55,4,6.03,173.62,1,0.710369,1,2023-05-17,2023-05-01,16,-2.5
Unbalanced,10,55,5,11.5,443.454,4,66.054,0,2023-05-17,2023-05-01,16,-2.5
Unbalanced,10,55,6,12.7,315.652,4,65.9878,0,2023-05-17,2023-05-01,16,-2.5
Unbalanced,10,55,7,11.6,365.234,3,21.6823,1,2023-05-17,2023-05-01,16,-2.5
Unbalanced,10,55,8,7.03,194.946,3,65.3271,0,2023-05-17,2023-05-01,16,-2.5
Unbalanced,10,56,1,10.7,340.062,3,5.30856,1,2023-05-18,2023-05-01,17,-1.5
Unbalanced,10,56,2,18.7,526.353,5,51.4159,0,2023-05-18,2023-05-01,17,-1.5
Unbalanced,10,56,3,27,521.973,5,69.2381,0,2023-05-18,2023-05-01,17,-1.5
Unbalanced,10,56,4,9.33,324.371,2,0.489458,1,2023-05-18,2023-05-01,17,-1.5
Unbalanced,10,56,5,16.9,446.865,5,60.4375,0,2023-05-18,2023-05-01,17,-1.5
Unbalanced,10,56,6,18.5,508.047,2,4.26091,1,2023-05-18,2023-05-01,17,-1.5
Unbalanced,10,56,7,9.57,219.405,3,67.8953,0,2023-05-18,2023-05-01,17,-1.5
Unbalanced,10,56,8,10.5,324.214,4,61.9755,0,2023-05-18,2023-05-01,17,-1.5
Unbalanced,10,57,1,20.1,727.977,4,16.3176,1,2023-05-18,2023-05-01,17,-1.5
Unbalanced,10,57,2,42.3,881.406,7,50.7668,0,2023-05-18,2023-05-01,17,-1.5
Unbalanced,10,57,3,29.6,732.933,4,59.8495,0,2023-05-18,2023-05-01,17,-1.5
Unbalanced,10,57,4,13.5,229.141,3,64.2307,0,2023-05-18,2023-05-01,17,-1.5
Unbalanced,10,57,5,9.53,301.118,3,64.3008,0,2023-05-18,2023-05-01,17,-1.5
Unbalanced,10,57,6,10.2,305.463,4,64.825,0,2023-05-18,2023-05-01,17,-1.5
Unbalanced,10,57,7,9.7,291.818,1,79.7218,0,2023-05-18,2023-05-01,17,-1.5
Unbalanced,10,57,8,7.03,156.615,1,5.61388,1,2023-05-18,2023-05-01,17,-1.5
Unbalanced,10,58,1,34.1,724.315,8,51.8606,0,2023-05-21,2023-05-01,20,1.5
Unbalanced,10,58,2,18.2,652.409,5,7.65328,1,2023-05-21,2023-05-01,20,1.5
Unbalanced,10,58,3,23.2,688.446,6,23.5669,1,2023-05-21,2023-05-01,20,1.5
Unbalanced,10,58,4,18.6,427.676,4,65.556,0,2023-05-21,2023-05-01,20,1.5
Unbalanced,10,58,5,12.1,380.682,4,4.28915,1,2023-05-21,2023-05-01,20,1.5
Unbalanced,10,58,6,15.2,372.768,4,63.2171,0,2023-05-21,2023-05-01,20,1.5
Unbalanced,10,58,7,6.33,288.835,1,63.9465,0,2023-05-21,2023-05-01,20,1.5
Unbalanced,10,58,8,4.43,153.648,1,6.26349,1,2023-05-21,2023-05-01,20,1.5
Unbalanced,10,59,1,21.5,575.455,2,61.4675,0,2023-05-21,2023-05-01,20,1.5
Unbalanced,10,59,2,34.4,977.827,7,24.6296,1,2023-05-21,2023-05-01,20,1.5
Unbalanced,10,59,3,18.5,342.528,3,72.4339,0,2023-05-21,2023-05-01,20,1.5
Unbalanced,10,59,4,11,332.726,3,47.2724,0,2023-05-21,2023-05-01,20,1.5
Unbalanced,10,59,5,7,242.265,2,35.5559,1,2023-05-21,2023-05-01,20,1.5
Unbalanced,10,59,6,8.7,192.626,2,60.0345,0,2023-05-21,2023-05-01,20,1.5
Unbalanced,10,59,7,5.4,122.681,1,64.5296,0,2023-05-21,2023-05-01,20,1.5
Unbalanced,10,59,8,12.6,334.034,3,65.1906,0,2023-05-21,2023-05-01,20,1.5
Unbalanced,10,60,1,57.8,1637.45,7,67.1663,0,2023-05-22,2023-05-01,21,2.5
Unbalanced,10,60,2,3.73,97.9993,1,33.511,1,2023-05-22,2023-05-01,21,2.5
Unbalanced,10,60,3,40.5,1057.7,3,4.97462,1,2023-05-22,2023-05-01,21,2.5
Unbalanced,10,60,4,4.27,108.159,1,63.4349,0,2023-05-22,2023-05-01,21,2.5
Unbalanced,10,60,5,15.8,352.224,2,65.0423,0,2023-05-22,2023-05-01,21,2.5
Unbalanced,10,60,6,16.7,364.88,6,80.6979,0,2023-05-22,2023-05-01,21,2.5
Unbalanced,10,60,7,3.7,60.4279,1,3.39546,1,2023-05-22,2023-05-01,21,2.5
Unbalanced,10,60,8,7,187.189,2,67.0794,0,2023-05-22,2023-05-01,21,2.5
Pollen,11,61,1,22.9,756.541,7,30.2013,1,2023-05-23,2023-05-08,15,-3.833333333
Pollen,11,61,2,9.77,320.111,3,65.9213,0,2023-05-23,2023-05-08,15,-3.833333333
Pollen,11,61,3,6.97,172.989,1,62.5603,0,2023-05-23,2023-05-08,15,-3.833333333
Pollen,11,61,4,19.3,770.996,2,64.6771,0,2023-05-23,2023-05-08,15,-3.833333333
Pollen,11,61,5,6.43,255.48,1,28.8386,1,2023-05-23,2023-05-08,15,-3.833333333
Pollen,11,61,6,7.97,335.474,1,19.3348,1,2023-05-23,2023-05-08,15,-3.833333333
Pollen,11,61,7,3.37,75.2681,1,32.8285,1,2023-05-23,2023-05-08,15,-3.833333333
Pollen,11,61,8,7.67,190.94,2,51.2907,0,2023-05-23,2023-05-08,15,-3.833333333
Pollen,11,62,1,14.2,490.48,2,30.5672,1,2023-05-24,2023-05-08,16,-2.833333333
Pollen,11,62,2,16.4,556.034,3,40.6013,1,2023-05-24,2023-05-08,16,-2.833333333
Pollen,11,62,3,36.2,854.164,5,38.1842,1,2023-05-24,2023-05-08,16,-2.833333333
Pollen,11,62,4,22.1,843.42,5,49.8862,0,2023-05-24,2023-05-08,16,-2.833333333
Pollen,11,62,5,15.7,386.01,4,67.2056,0,2023-05-24,2023-05-08,16,-2.833333333
Pollen,11,62,6,9.93,537.429,1,31.6494,1,2023-05-24,2023-05-08,16,-2.833333333
Pollen,11,62,7,4.7,161.071,1,12.3947,1,2023-05-24,2023-05-08,16,-2.833333333
Pollen,11,62,8,5.43,94.1177,2,64.5296,0,2023-05-24,2023-05-08,16,-2.833333333
Pollen,11,63,1,20.5,489.105,5,45.6821,0,2023-05-28,2023-05-08,20,1.1666666667
Pollen,11,63,2,7.03,219.277,1,65.1906,0,2023-05-28,2023-05-08,20,1.1666666667
Pollen,11,63,3,12,422.251,1,13.4831,1,2023-05-28,2023-05-08,20,1.1666666667
Pollen,11,63,4,7.87,163.423,1,64.1648,0,2023-05-28,2023-05-08,20,1.1666666667
Pollen,11,63,5,15.6,513.783,3,8.59233,1,2023-05-28,2023-05-08,20,1.1666666667
Pollen,11,63,6,8.8,452.59,2,30.7693,1,2023-05-28,2023-05-08,20,1.1666666667
Pollen,11,63,7,7.7,252.044,1,6.16276,1,2023-05-28,2023-05-08,20,1.1666666667
Pollen,11,63,8,6.77,183.112,3,66.4362,0,2023-05-28,2023-05-08,20,1.1666666667
Pollen,11,64,1,44.4,1197.65,8,62.485,0,2023-05-28,2023-05-08,20,1.1666666667
Pollen,11,64,2,22.8,1032.49,4,7.05118,1,2023-05-28,2023-05-08,20,1.1666666667
Pollen,11,64,3,12,417.037,2,60.5241,0,2023-05-28,2023-05-08,20,1.1666666667
Pollen,11,64,4,5.37,147.875,2,33.8571,1,2023-05-28,2023-05-08,20,1.1666666667
Pollen,11,64,5,4.8,138.561,1,3.28852,1,2023-05-28,2023-05-08,20,1.1666666667
Pollen,11,64,6,8.47,400.803,2,22.3366,1,2023-05-28,2023-05-08,20,1.1666666667
Pollen,11,64,7,11.6,339.365,2,55.4516,0,2023-05-28,2023-05-08,20,1.1666666667
Pollen,11,64,8,4.93,104.065,1,67.8057,0,2023-05-28,2023-05-08,20,1.1666666667
Pollen,11,65,1,14.2,451.371,2,32.7843,1,2023-05-29,2023-05-08,21,2.1666666667
Pollen,11,65,2,6.03,207.004,1,4.18995,1,2023-05-29,2023-05-08,21,2.1666666667
Pollen,11,65,3,20.9,426.686,1,32.9213,1,2023-05-29,2023-05-08,21,2.1666666667
Pollen,11,65,4,10.7,311.183,4,61.6224,0,2023-05-29,2023-05-08,21,2.1666666667
Pollen,11,65,5,12.3,549.141,2,56.3099,0,2023-05-29,2023-05-08,21,2.1666666667
Pollen,11,65,6,6.77,263.246,2,22.4054,1,2023-05-29,2023-05-08,21,2.1666666667
Pollen,11,65,7,4.77,173.269,1,8.68066,1,2023-05-29,2023-05-08,21,2.1666666667
Pollen,11,65,8,7.03,137.984,2,58.2986,0,2023-05-29,2023-05-08,21,2.1666666667
Pollen,11,66,1,13.8,267.054,3,52.2823,0,2023-05-29,2023-05-08,21,2.1666666667
Pollen,11,66,2,12.7,581.082,3,65.7723,0,2023-05-29,2023-05-08,21,2.1666666667
Pollen,11,66,3,10.4,182.736,3,67.5933,0,2023-05-29,2023-05-08,21,2.1666666667
Pollen,11,66,4,8.3,206.346,1,66.0375,0,2023-05-29,2023-05-08,21,2.1666666667
Pollen,11,66,5,14.4,448.873,3,64.3119,0,2023-05-29,2023-05-08,21,2.1666666667
Pollen,11,66,6,4.1,75.5115,1,7.36259,1,2023-05-29,2023-05-08,21,2.1666666667
Pollen,11,66,7,2.63,56.961,1,3.5723,1,2023-05-29,2023-05-08,21,2.1666666667
Pollen,11,66,8,12.7,237.32,1,68.6228,0,2023-05-29,2023-05-08,21,2.1666666667
Pollen,12,67,1,18.8,739.324,4,33.5563,1,2023-06-01,2023-05-15,17,-3.666666667
Pollen,12,67,2,13.1,359.782,4,68.2287,0,2023-06-01,2023-05-15,17,-3.666666667
Pollen,12,67,3,7.7,151.871,2,68.7411,0,2023-06-01,2023-05-15,17,-3.666666667
Pollen,12,67,4,11.8,260.108,3,64.7989,0,2023-06-01,2023-05-15,17,-3.666666667
Pollen,12,67,5,12,374.66,3,69.6712,0,2023-06-01,2023-05-15,17,-3.666666667
Pollen,12,67,6,5.3,152.57,1,6.41678,1,2023-06-01,2023-05-15,17,-3.666666667
Pollen,12,67,7,10.8,281.06,5,62.4969,0,2023-06-01,2023-05-15,17,-3.666666667
Pollen,12,67,8,5.63,127.755,1,56.9356,0,2023-06-01,2023-05-15,17,-3.666666667
Pollen,12,68,1,42.2,1093.61,16,24.06,1,2023-06-04,2023-05-15,20,-0.666666667
Pollen,12,68,2,11.9,368.568,3,67.3172,0,2023-06-04,2023-05-15,20,-0.666666667
Pollen,12,68,3,12.5,341.477,2,63.3618,0,2023-06-04,2023-05-15,20,-0.666666667
Pollen,12,68,4,9.33,191.579,1,66.5014,0,2023-06-04,2023-05-15,20,-0.666666667
Pollen,12,68,5,3.67,97.2811,1,23.6821,1,2023-06-04,2023-05-15,20,-0.666666667
Pollen,12,68,6,24.6,679.332,6,89.3095,0,2023-06-04,2023-05-15,20,-0.666666667
Pollen,12,68,7,5.83,117.97,1,65.1111,0,2023-06-04,2023-05-15,20,-0.666666667
Pollen,12,68,8,4.3,94.6174,1,7.79124,1,2023-06-04,2023-05-15,20,-0.666666667
Pollen,12,69,1,18.7,719.662,4,26.7737,1,2023-06-04,2023-05-15,20,-0.666666667
Pollen,12,69,2,13.6,244.172,5,52.4988,0,2023-06-04,2023-05-15,20,-0.666666667
Pollen,12,69,3,3.67,82.5482,1,8.18803,1,2023-06-04,2023-05-15,20,-0.666666667
Pollen,12,69,4,10.1,201.844,2,60.598,0,2023-06-04,2023-05-15,20,-0.666666667
Pollen,12,69,5,4.53,195.359,1,40.0106,1,2023-06-04,2023-05-15,20,-0.666666667
Pollen,12,69,6,2.57,59.8863,1,14.0909,1,2023-06-04,2023-05-15,20,-0.666666667
Pollen,12,69,7,5.93,214.022,1,18.0834,1,2023-06-04,2023-05-15,20,-0.666666667
Pollen,12,69,8,3.2,79.1316,1,6.6722,1,2023-06-04,2023-05-15,20,-0.666666667
Pollen,12,70,1,17.9,512.637,3,20.3341,1,2023-06-05,2023-05-15,21,0.3333333333
Pollen,12,70,2,17.4,511.404,3,69.5012,0,2023-06-05,2023-05-15,21,0.3333333333
Pollen,12,70,3,15.3,401.271,4,26.1391,1,2023-06-05,2023-05-15,21,0.3333333333
Pollen,12,70,4,14.6,270.412,3,63.0746,0,2023-06-05,2023-05-15,21,0.3333333333
Pollen,12,70,5,22.6,426.6,3,65.5293,0,2023-06-05,2023-05-15,21,0.3333333333
Pollen,12,70,6,3.8,113.121,1,21.5983,1,2023-06-05,2023-05-15,21,0.3333333333
Pollen,12,70,7,11.6,308.641,1,57.9774,0,2023-06-05,2023-05-15,21,0.3333333333
Pollen,12,70,8,4.7,100.573,2,66.759,0,2023-06-05,2023-05-15,21,0.3333333333
Pollen,12,71,1,23.6,655.937,9,66.0707,0,2023-06-07,2023-05-15,23,2.3333333333
Pollen,12,71,2,17,437.481,6,67.6552,0,2023-06-07,2023-05-15,23,2.3333333333
Pollen,12,71,3,14.4,278.733,3,60.8982,0,2023-06-07,2023-05-15,23,2.3333333333
Pollen,12,71,4,13.1,332.163,5,63.7276,0,2023-06-07,2023-05-15,23,2.3333333333
Pollen,12,71,5,7.6,254.324,3,63.4349,0,2023-06-07,2023-05-15,23,2.3333333333
Pollen,12,71,6,10.6,331.239,3,45.2274,0,2023-06-07,2023-05-15,23,2.3333333333
Pollen,12,71,7,4.27,89.8992,1,2.70944,1,2023-06-07,2023-05-15,23,2.3333333333
Pollen,12,71,8,7.57,179.106,2,27.5842,1,2023-06-07,2023-05-15,23,2.3333333333
Pollen,12,72,1,28,733.468,5,70.3242,0,2023-06-07,2023-05-15,23,2.3333333333
Pollen,12,72,2,23.1,632.932,9,66.4362,0,2023-06-07,2023-05-15,23,2.3333333333
Pollen,12,72,3,18.2,415.04,5,67.0158,0,2023-06-07,2023-05-15,23,2.3333333333
Pollen,12,72,4,12.3,245.07,3,61.2739,0,2023-06-07,2023-05-15,23,2.3333333333
Pollen,12,72,5,9.2,238.136,3,67.4175,0,2023-06-07,2023-05-15,23,2.3333333333
Pollen,12,72,6,7.9,240.838,1,15.5928,1,2023-06-07,2023-05-15,23,2.3333333333
Pollen,12,72,7,4.67,161.884,1,34.3236,1,2023-06-07,2023-05-15,23,2.3333333333
Pollen,12,72,8,8.93,227.872,3,67.928,0,2023-06-07,2023-05-15,23,2.3333333333
Pollen,13,73,1,41.1,1191.32,15,67.0794,0,2023-06-14,2023-05-29,16,-3.166666667
Pollen,13,73,2,36.1,1103.54,9,64.3063,0,2023-06-14,2023-05-29,16,-3.166666667
Pollen,13,73,3,51.7,1000.24,11,71.0058,0,2023-06-14,2023-05-29,16,-3.166666667
Pollen,13,73,4,24.3,459.367,3,66.0707,0,2023-06-14,2023-05-29,16,-3.166666667
Pollen,13,73,5,17.9,477.78,8,64.1648,0,2023-06-14,2023-05-29,16,-3.166666667
Pollen,13,73,6,4.13,100.716,1,21.6258,1,2023-06-14,2023-05-29,16,-3.166666667
Pollen,13,73,7,9.6,249.228,3,26.7099,1,2023-06-14,2023-05-29,16,-3.166666667
Pollen,13,73,8,7.37,150.535,3,63.3622,0,2023-06-14,2023-05-29,16,-3.166666667
Pollen,13,74,1,20.5,497.867,8,67.3172,0,2023-06-15,2023-05-29,17,-2.166666667
Pollen,13,74,2,12.7,348.073,5,42.9786,1,2023-06-15,2023-05-29,17,-2.166666667
Pollen,13,74,3,15.9,196.173,2,65.556,0,2023-06-15,2023-05-29,17,-2.166666667
Pollen,13,74,4,29.1,551.988,4,68.8338,0,2023-06-15,2023-05-29,17,-2.166666667
Pollen,13,74,5,3.13,77.5944,1,5.986,1,2023-06-15,2023-05-29,17,-2.166666667
Pollen,13,74,6,8.97,273.558,3,47.6603,0,2023-06-15,2023-05-29,17,-2.166666667
Pollen,13,74,7,7.17,132.023,2,68.9859,0,2023-06-15,2023-05-29,17,-2.166666667
Pollen,13,74,8,5.83,125.645,1,68.7749,0,2023-06-15,2023-05-29,17,-2.166666667
Pollen,13,75,1,14,375.174,5,64.3063,0,2023-06-18,2023-05-29,20,0.8333333333
Pollen,13,75,2,21.6,465.355,8,44.2152,0,2023-06-18,2023-05-29,20,0.8333333333
Pollen,13,75,3,27.3,455.048,4,63.6523,0,2023-06-18,2023-05-29,20,0.8333333333
Pollen,13,75,4,10,253.905,2,69.2173,0,2023-06-18,2023-05-29,20,0.8333333333
Pollen,13,75,5,10.8,222.606,3,66.2505,0,2023-06-18,2023-05-29,20,0.8333333333
Pollen,13,75,6,3,62.1622,1,10.4316,1,2023-06-18,2023-05-29,20,0.8333333333
Pollen,13,75,7,4,56.142,1,2.15562,1,2023-06-18,2023-05-29,20,0.8333333333
Pollen,13,75,8,3.23,62.0291,1,13.3386,1,2023-06-18,2023-05-29,20,0.8333333333
Pollen,13,76,1,23.6,501.436,7,54.8609,0,2023-06-18,2023-05-29,20,0.8333333333
Pollen,13,76,2,28.1,778.325,8,66.5014,0,2023-06-18,2023-05-29,20,0.8333333333
Pollen,13,76,3,43.5,1042.5,12,65.259,0,2023-06-18,2023-05-29,20,0.8333333333
Pollen,13,76,4,7.97,211.145,2,65.9245,0,2023-06-18,2023-05-29,20,0.8333333333
Pollen,13,76,5,9.57,193.258,2,66.6108,0,2023-06-18,2023-05-29,20,0.8333333333
Pollen,13,76,6,3.03,70.9923,1,15.0293,1,2023-06-18,2023-05-29,20,0.8333333333
Pollen,13,76,7,7.63,81.4704,1,0.022532,1,2023-06-18,2023-05-29,20,0.8333333333
Pollen,13,76,8,3,48.6176,1,2.63023,1,2023-06-18,2023-05-29,20,0.8333333333
Pollen,13,77,1,13,258.79,3,7.64317,1,2023-06-19,2023-05-29,21,1.8333333333
Pollen,13,77,2,25.3,747.306,8,57.9426,0,2023-06-19,2023-05-29,21,1.8333333333
Pollen,13,77,3,4.13,86.7921,1,19.708,1,2023-06-19,2023-05-29,21,1.8333333333
Pollen,13,77,4,5,111.059,1,16.607,1,2023-06-19,2023-05-29,21,1.8333333333
Pollen,13,77,5,4.67,112.984,1,19.8296,1,2023-06-19,2023-05-29,21,1.8333333333
Pollen,13,77,6,4.23,83.154,1,3.09846,1,2023-06-19,2023-05-29,21,1.8333333333
Pollen,13,77,7,3.77,50.1259,1,3.12066,1,2023-06-19,2023-05-29,21,1.8333333333
Pollen,13,77,8,4.9,134.456,2,51.2924,0,2023-06-19,2023-05-29,21,1.8333333333
Pollen,13,78,1,35.4,782.048,9,71.926,0,2023-06-19,2023-05-29,21,1.8333333333
Pollen,13,78,2,33.5,756.411,11,64.867,0,2023-06-19,2023-05-29,21,1.8333333333
Pollen,13,78,3,26.6,356.644,3,66.8014,0,2023-06-19,2023-05-29,21,1.8333333333
Pollen,13,78,4,15.2,482.93,3,39.5597,1,2023-06-19,2023-05-29,21,1.8333333333
Pollen,13,78,5,21.2,662.4,8,59.9314,0,2023-06-19,2023-05-29,21,1.8333333333
Pollen,13,78,6,3.5,87.2511,1,22.433,1,2023-06-19,2023-05-29,21,1.8333333333
Pollen,13,78,7,15.3,226.399,1,71.1018,0,2023-06-19,2023-05-29,21,1.8333333333
Pollen,13,78,8,5.03,161.479,1,48.7536,0,2023-06-19,2023-05-29,21,1.8333333333
Pollen,14,79,1,20.7,424.623,1,85.723,0,2023-06-21,2023-06-01,20,-1.666666667
Pollen,14,79,2,35,1069.93,12,71.1543,0,2023-06-21,2023-06-01,20,-1.666666667
Pollen,14,79,3,24.9,502.029,5,43.2643,0,2023-06-21,2023-06-01,20,-1.666666667
Pollen,14,79,4,24.2,666.385,9,72.1313,0,2023-06-21,2023-06-01,20,-1.666666667
Pollen,14,79,5,11.9,315.861,5,53.0984,0,2023-06-21,2023-06-01,20,-1.666666667
Pollen,14,79,6,23.4,737.044,7,60.4375,0,2023-06-21,2023-06-01,20,-1.666666667
Pollen,14,79,7,2.43,61.6319,1,4.50637,1,2023-06-21,2023-06-01,20,-1.666666667
Pollen,14,79,8,2.43,50.6314,1,2.45173,1,2023-06-21,2023-06-01,20,-1.666666667
Pollen,14,80,1,27.2,823.271,5,63.5078,0,2023-06-21,2023-06-01,20,-1.666666667
Pollen,14,80,2,12.9,376.946,3,65.6907,0,2023-06-21,2023-06-01,20,-1.666666667
Pollen,14,80,3,22.2,229.384,3,60.6776,0,2023-06-21,2023-06-01,20,-1.666666667
Pollen,14,80,4,10.4,230.126,3,58.896,0,2023-06-21,2023-06-01,20,-1.666666667
Pollen,14,80,5,18.4,240.749,3,63.7976,0,2023-06-21,2023-06-01,20,-1.666666667
Pollen,14,80,6,5.07,161.671,1,61.5571,0,2023-06-21,2023-06-01,20,-1.666666667
Pollen,14,80,7,3,78.7868,1,7.38604,1,2023-06-21,2023-06-01,20,-1.666666667
Pollen,14,80,8,10.6,369.473,2,37.3527,1,2023-06-21,2023-06-01,20,-1.666666667
Pollen,14,81,1,68.8,977.14,11,1.68941,1,2023-06-22,2023-06-01,21,-0.666666667
Pollen,14,81,2,65.4,1450.81,11,64.1648,0,2023-06-22,2023-06-01,21,-0.666666667
Pollen,14,81,3,20.3,480.379,6,54.3699,0,2023-06-22,2023-06-01,21,-0.666666667
Pollen,14,81,4,7.13,159.081,2,65.259,0,2023-06-22,2023-06-01,21,-0.666666667
Pollen,14,81,5,7.7,251.072,1,33.1684,1,2023-06-22,2023-06-01,21,-0.666666667
Pollen,14,81,6,10.4,336.944,3,38.1747,1,2023-06-22,2023-06-01,21,-0.666666667
Pollen,14,81,7,6.3,191.726,3,63.8663,0,2023-06-22,2023-06-01,21,-0.666666667
Pollen,14,81,8,9.83,279.458,4,66.5014,0,2023-06-22,2023-06-01,21,-0.666666667
Pollen,14,82,1,47.7,1476.82,8,17.0428,1,2023-06-22,2023-06-01,21,-0.666666667
Pollen,14,82,2,20,979.604,4,1.77365,1,2023-06-22,2023-06-01,21,-0.666666667
Pollen,14,82,3,31.3,774.45,9,63.151,0,2023-06-22,2023-06-01,21,-0.666666667
Pollen,14,82,4,10.9,272.26,4,67.567,0,2023-06-22,2023-06-01,21,-0.666666667
Pollen,14,82,5,3.13,99.2374,1,10.5141,1,2023-06-22,2023-06-01,21,-0.666666667
Pollen,14,82,6,6.07,265.873,1,6.14787,1,2023-06-22,2023-06-01,21,-0.666666667
Pollen,14,82,7,7.03,129.515,2,66.9932,0,2023-06-22,2023-06-01,21,-0.666666667
Pollen,14,82,8,4,124.318,1,65.556,0,2023-06-22,2023-06-01,21,-0.666666667
Pollen,14,83,1,15.3,417.164,5,64.0181,0,2023-06-25,2023-06-01,24,2.3333333333
Pollen,14,83,2,52.2,1890.66,17,65.9213,0,2023-06-25,2023-06-01,24,2.3333333333
Pollen,14,83,3,12,334.043,3,56.8772,0,2023-06-25,2023-06-01,24,2.3333333333
Pollen,14,83,4,2.1,52.0055,1,3.38245,1,2023-06-25,2023-06-01,24,2.3333333333
Pollen,14,83,5,3.03,76.7797,1,8.45378,1,2023-06-25,2023-06-01,24,2.3333333333
Pollen,14,83,6,4.63,157.73,2,15.3801,1,2023-06-25,2023-06-01,24,2.3333333333
Pollen,14,83,7,1.8,51.437,1,4.37668,1,2023-06-25,2023-06-01,24,2.3333333333
Pollen,14,83,8,5.17,149.825,3,67.3801,0,2023-06-25,2023-06-01,24,2.3333333333
Pollen,14,84,1,31.5,870.452,7,32.6083,1,2023-06-25,2023-06-01,24,2.3333333333
Pollen,14,84,2,10,223.942,2,67.0158,0,2023-06-25,2023-06-01,24,2.3333333333
Pollen,14,84,3,11.3,328.702,4,67.3172,0,2023-06-25,2023-06-01,24,2.3333333333
Pollen,14,84,4,12.4,473.838,4,25.5171,1,2023-06-25,2023-06-01,24,2.3333333333
Pollen,14,84,5,7.1,209.939,2,10.0926,1,2023-06-25,2023-06-01,24,2.3333333333
Pollen,14,84,6,12.2,360.04,5,55.9973,0,2023-06-25,2023-06-01,24,2.3333333333
Pollen,14,84,7,11.5,299.97,1,7.02009,1,2023-06-25,2023-06-01,24,2.3333333333
Pollen,14,84,8,5.17,144.329,2,67.1663,0,2023-06-25,2023-06-01,24,2.3333333333
Pollen,15,85,1,31.3,879.942,12,66.3255,0,2023-06-27,2023-06-08,19,-1.5
Pollen,15,85,2,9.4,272.73,3,29.4936,1,2023-06-27,2023-06-08,19,-1.5
Pollen,15,85,3,10.4,445.413,1,26.6364,1,2023-06-27,2023-06-08,19,-1.5
Pollen,15,85,4,15.9,477.326,2,66.4362,0,2023-06-27,2023-06-08,19,-1.5
Pollen,15,85,5,7.57,296.916,2,67.3172,0,2023-06-27,2023-06-08,19,-1.5
Pollen,15,85,6,6.93,161.205,1,12.4265,1,2023-06-27,2023-06-08,19,-1.5
Pollen,15,85,7,8.17,161.658,1,75.7663,0,2023-06-27,2023-06-08,19,-1.5
Pollen,15,85,8,6.83,244.715,2,62.6301,0,2023-06-27,2023-06-08,19,-1.5
Pollen,15,86,1,36.6,969.738,9,63.8663,0,2023-06-28,2023-06-08,20,-0.5
Pollen,15,86,2,14.8,546.818,4,4.03585,1,2023-06-28,2023-06-08,20,-0.5
Pollen,15,86,3,14.2,288.944,1,63.5811,0,2023-06-28,2023-06-08,20,-0.5
Pollen,15,86,4,5.8,153.494,2,63.0723,0,2023-06-28,2023-06-08,20,-0.5
Pollen,15,86,5,2.8,58.3949,1,2.73538,1,2023-06-28,2023-06-08,20,-0.5
Pollen,15,86,6,7.47,98.9648,1,16.9866,1,2023-06-28,2023-06-08,20,-0.5
Pollen,15,86,7,7.23,153.788,1,59.8495,0,2023-06-28,2023-06-08,20,-0.5
Pollen,15,86,8,1.93,52.0154,1,5.15208,1,2023-06-28,2023-06-08,20,-0.5
Pollen,15,87,1,22.1,570.474,4,67.2056,0,2023-06-28,2023-06-08,20,-0.5
Pollen,15,87,2,8.3,392.163,2,4.71066,1,2023-06-28,2023-06-08,20,-0.5
Pollen,15,87,3,5.37,111.274,1,31.6179,1,2023-06-28,2023-06-08,20,-0.5
Pollen,15,87,4,8.83,246.394,3,69.3312,0,2023-06-28,2023-06-08,20,-0.5
Pollen,15,87,5,5.83,88.145,1,7.80717,1,2023-06-28,2023-06-08,20,-0.5
Pollen,15,87,6,4.43,113.55,1,14.6965,1,2023-06-28,2023-06-08,20,-0.5
Pollen,15,87,7,4.03,122.871,1,5.31418,1,2023-06-28,2023-06-08,20,-0.5
Pollen,15,87,8,2.9,82.5333,1,0.532351,1,2023-06-28,2023-06-08,20,-0.5
Pollen,15,88,1,32.5,1022.07,11,65.0321,0,2023-06-29,2023-06-08,21,0.5
Pollen,15,88,2,13.9,405.626,2,0.915041,1,2023-06-29,2023-06-08,21,0.5
Pollen,15,88,3,2.5,67.0352,1,9.44671,1,2023-06-29,2023-06-08,21,0.5
Pollen,15,88,4,6.27,168.81,2,63.869,0,2023-06-29,2023-06-08,21,0.5
Pollen,15,88,5,4.6,111.713,1,6.29016,1,2023-06-29,2023-06-08,21,0.5
Pollen,15,88,6,5.33,124.293,1,4.00097,1,2023-06-29,2023-06-08,21,0.5
Pollen,15,88,7,3.7,102.359,1,6.59303,1,2023-06-29,2023-06-08,21,0.5
Pollen,15,88,8,2.47,77.7584,1,9.02819,1,2023-06-29,2023-06-08,21,0.5
Pollen,15,89,1,20.4,538.037,10,67.9566,0,2023-06-29,2023-06-08,21,0.5
Pollen,15,89,2,11.1,354.879,3,5.59871,1,2023-06-29,2023-06-08,21,0.5
Pollen,15,89,3,4.27,90.8376,2,1.71052,1,2023-06-29,2023-06-08,21,0.5
Pollen,15,89,4,2.83,71.6666,1,16.1492,1,2023-06-29,2023-06-08,21,0.5
Pollen,15,89,5,4.23,114.098,2,59.7319,0,2023-06-29,2023-06-08,21,0.5
Pollen,15,89,6,3.5,83.1847,1,30.0544,1,2023-06-29,2023-06-08,21,0.5
Pollen,15,89,7,4.47,126.07,1,65.9717,0,2023-06-29,2023-06-08,21,0.5
Pollen,15,89,8,2.9,59.602,1,18.4349,1,2023-06-29,2023-06-08,21,0.5
Pollen,15,90,1,41.5,1216.88,14,55.4077,0,2023-06-30,2023-06-08,22,1.5
Pollen,15,90,2,7.53,315.667,1,39.9079,1,2023-06-30,2023-06-08,22,1.5
Pollen,15,90,3,10.7,341.523,4,66.8014,0,2023-06-30,2023-06-08,22,1.5
Pollen,15,90,4,3.07,74.3325,1,10.3507,1,2023-06-30,2023-06-08,22,1.5
Pollen,15,90,5,3.4,79.4276,1,5.88533,1,2023-06-30,2023-06-08,22,1.5
Pollen,15,90,6,2.63,68.0087,1,8.7217,1,2023-06-30,2023-06-08,22,1.5
Pollen,15,90,7,3.33,74.0372,1,0.403777,1,2023-06-30,2023-06-08,22,1.5
Pollen,15,90,8,4.3,109.41,1,1.64991,1,2023-06-30,2023-06-08,22,1.5
