Treatment,ColonyID,TestingDate,BeeID,Trial number,Finish time (s),Total distance (cm),New or Used,Notes
OdorControl,OdorControl_Outdoors,11_08_2022,ColonyOutdoorsBee1,1,145.08,169.302597,,
OdorControl,OdorControl_Outdoors,11_08_2022,ColonyOutdoorsBee1,2,135.36,164.007538,,
OdorControl,OdorControl_Outdoors,11_08_2022,ColonyOutdoorsBee1,3,188.34,156.780293,,
OdorControl,OdorControl_Outdoors,11_08_2022,ColonyOutdoorsBee1,4,120.44,143.607397,,
OdorControl,OdorControl_Outdoors,11_08_2022,ColonyOutdoorsBee1,5,132.98,209.260222,,
OdorControl,OdorControl_Outdoors,11_08_2022,ColonyOutdoorsBee1,6,116.62,165.135616,,
OdorControl,OdorControl_Outdoors,11_08_2022,ColonyOutdoorsBee1,7,91.52,130.57376,,
OdorControl,OdorControl_Outdoors,11_08_2022,ColonyOutdoorsBee1,8,102.68,114.458547,New,
OdorControl,OdorControl_Outdoors,11_08_2022,ColonyOutdoorsBee1,9,85.08,154.177925,Used,
OdorControl,OdorControl_Outdoors,14_08_2022,ColonyOutdoorsBee2,1,138.44,218.320891,,
OdorControl,OdorControl_Outdoors,14_08_2022,ColonyOutdoorsBee2,2,105.14,172.091196,,
OdorControl,OdorControl_Outdoors,14_08_2022,ColonyOutdoorsBee2,3,167.22,266.825471,,
OdorControl,OdorControl_Outdoors,14_08_2022,ColonyOutdoorsBee2,4,93.5,185.766668,,
OdorControl,OdorControl_Outdoors,14_08_2022,ColonyOutdoorsBee2,5,95.74,126.464016,,
OdorControl,OdorControl_Outdoors,14_08_2022,ColonyOutdoorsBee2,6,100.46,171.476224,,
OdorControl,OdorControl_Outdoors,14_08_2022,ColonyOutdoorsBee2,7,124.34,282.077896,,
OdorControl,OdorControl_Outdoors,14_08_2022,ColonyOutdoorsBee2,8,117.28,240.566484,Used,
OdorControl,OdorControl_Outdoors,14_08_2022,ColonyOutdoorsBee2,9,141.54,224.777131,New,
OdorControl,OdorControl_Outdoors,14_08_2022,ColonyOutdoorsBee3,1,102.8,150.656865,,
OdorControl,OdorControl_Outdoors,14_08_2022,ColonyOutdoorsBee3,2,108,134.043812,,
OdorControl,OdorControl_Outdoors,14_08_2022,ColonyOutdoorsBee3,3,74.52,94.603389,,
OdorControl,OdorControl_Outdoors,14_08_2022,ColonyOutdoorsBee3,4,83.08,152.492752,,
OdorControl,OdorControl_Outdoors,14_08_2022,ColonyOutdoorsBee3,5,120.9,228.024078,,
OdorControl,OdorControl_Outdoors,14_08_2022,ColonyOutdoorsBee3,6,70.52,144.684595,,
OdorControl,OdorControl_Outdoors,14_08_2022,ColonyOutdoorsBee3,7,99.38,265.987391,,
OdorControl,OdorControl_Outdoors,14_08_2022,ColonyOutdoorsBee3,8,62.36,162.25983,New,
OdorControl,OdorControl_Outdoors,14_08_2022,ColonyOutdoorsBee3,9,120.3,239.669221,Used,
OdorControl,OdorControl_Outdoors,15_08_2022,ColonyOutdoorsBee4,1,199.54,462.82172,,
OdorControl,OdorControl_Outdoors,15_08_2022,ColonyOutdoorsBee4,2,132.5,347.549748,,
OdorControl,OdorControl_Outdoors,15_08_2022,ColonyOutdoorsBee4,3,95.5,175.081216,,
OdorControl,OdorControl_Outdoors,15_08_2022,ColonyOutdoorsBee4,4,138.34,231.93128,,
OdorControl,OdorControl_Outdoors,15_08_2022,ColonyOutdoorsBee4,5,77.6,99.48479,,
OdorControl,OdorControl_Outdoors,15_08_2022,ColonyOutdoorsBee4,6,142.46,258.391718,,
OdorControl,OdorControl_Outdoors,15_08_2022,ColonyOutdoorsBee4,7,151.62,320.647799,,
OdorControl,OdorControl_Outdoors,15_08_2022,ColonyOutdoorsBee4,8,109.38,261.989531,Used,
OdorControl,OdorControl_Outdoors,15_08_2022,ColonyOutdoorsBee4,9,96.36,175.570428,New,
OdorControl,OdorControl_Outdoors,15_08_2022,ColonyOutdoorsBee5,1,133.56,223.436972,,
OdorControl,OdorControl_Outdoors,15_08_2022,ColonyOutdoorsBee5,2,109.78,182.251091,,
OdorControl,OdorControl_Outdoors,15_08_2022,ColonyOutdoorsBee5,3,175.56,355.790118,,
OdorControl,OdorControl_Outdoors,15_08_2022,ColonyOutdoorsBee5,4,133.46,261.638299,,
OdorControl,OdorControl_Outdoors,15_08_2022,ColonyOutdoorsBee5,5,120.38,206.867753,,
OdorControl,OdorControl_Outdoors,15_08_2022,ColonyOutdoorsBee5,6,155.48,290.966253,,
OdorControl,OdorControl_Outdoors,15_08_2022,ColonyOutdoorsBee5,7,103.76,191.951911,,
OdorControl,OdorControl_Outdoors,15_08_2022,ColonyOutdoorsBee5,8,107.62,190.96168,New,
OdorControl,OdorControl_Outdoors,15_08_2022,ColonyOutdoorsBee5,9,67.82,43.750169,Used,
OdorControl,OdorControl_Outdoors,15_08_2022,ColonyOutdoorsBee6,1,129.66,305.181121,,
OdorControl,OdorControl_Outdoors,15_08_2022,ColonyOutdoorsBee6,2,129.36,386.011041,,
OdorControl,OdorControl_Outdoors,15_08_2022,ColonyOutdoorsBee6,3,106.66,226.483124,,
OdorControl,OdorControl_Outdoors,15_08_2022,ColonyOutdoorsBee6,4,125.7,324.284622,,
OdorControl,OdorControl_Outdoors,15_08_2022,ColonyOutdoorsBee6,5,92.42,255.994814,,
OdorControl,OdorControl_Outdoors,15_08_2022,ColonyOutdoorsBee6,6,84.6,208.165845,,
OdorControl,OdorControl_Outdoors,15_08_2022,ColonyOutdoorsBee6,7,64.72,144.400569,,
OdorControl,OdorControl_Outdoors,15_08_2022,ColonyOutdoorsBee6,8,109.34,304.591759,Used,
OdorControl,OdorControl_Outdoors,15_08_2022,ColonyOutdoorsBee6,9,79.82,203.483761,New,
OdorControl,OdorControl_Outdoors,17_08_2022,ColonyOutdoorsBee7,1,158.9,510.612398,,
OdorControl,OdorControl_Outdoors,17_08_2022,ColonyOutdoorsBee7,2,131.02,480.333909,,
OdorControl,OdorControl_Outdoors,17_08_2022,ColonyOutdoorsBee7,3,75.54,191.47813,,
OdorControl,OdorControl_Outdoors,17_08_2022,ColonyOutdoorsBee7,4,123.2,499.287783,,
OdorControl,OdorControl_Outdoors,17_08_2022,ColonyOutdoorsBee7,5,93.08,377.397297,,
OdorControl,OdorControl_Outdoors,17_08_2022,ColonyOutdoorsBee7,6,101.26,402.2197,,
OdorControl,OdorControl_Outdoors,17_08_2022,ColonyOutdoorsBee7,7,95.04,398.265651,,
OdorControl,OdorControl_Outdoors,17_08_2022,ColonyOutdoorsBee7,8,92.88,257.409247,New,
OdorControl,OdorControl_Outdoors,17_08_2022,ColonyOutdoorsBee7,9,99.34,324.541997,Used,
OdorControl,OdorControl_Outdoors,17_08_2022,ColonyOutdoorsBee8,1,146.36,559.586061,,
OdorControl,OdorControl_Outdoors,17_08_2022,ColonyOutdoorsBee8,2,77.94,210.743304,,
OdorControl,OdorControl_Outdoors,17_08_2022,ColonyOutdoorsBee8,3,89.14,293.629604,,
OdorControl,OdorControl_Outdoors,17_08_2022,ColonyOutdoorsBee8,4,101.74,366.574161,,
OdorControl,OdorControl_Outdoors,17_08_2022,ColonyOutdoorsBee8,5,116.58,429.173042,,
OdorControl,OdorControl_Outdoors,17_08_2022,ColonyOutdoorsBee8,6,72.12,195.985411,,
OdorControl,OdorControl_Outdoors,17_08_2022,ColonyOutdoorsBee8,7,81.8,261.485677,,
OdorControl,OdorControl_Outdoors,17_08_2022,ColonyOutdoorsBee8,8,147.98,646.300964,Used,
OdorControl,OdorControl_Outdoors,17_08_2022,ColonyOutdoorsBee8,9,119.72,507.212773,New,
OdorControl,OdorControl_Outdoors,21_08_2022,ColonyOutdoorsBee9,1,229.38,517.535481,,
OdorControl,OdorControl_Outdoors,21_08_2022,ColonyOutdoorsBee9,2,181.58,367.122911,,
OdorControl,OdorControl_Outdoors,21_08_2022,ColonyOutdoorsBee9,3,122.52,271.100058,,
OdorControl,OdorControl_Outdoors,21_08_2022,ColonyOutdoorsBee9,4,139.2,299.58902,,
OdorControl,OdorControl_Outdoors,21_08_2022,ColonyOutdoorsBee9,5,146.08,382.512596,,
OdorControl,OdorControl_Outdoors,21_08_2022,ColonyOutdoorsBee9,6,107.52,223.101409,,
OdorControl,OdorControl_Outdoors,21_08_2022,ColonyOutdoorsBee9,7,133.84,310.219751,,
OdorControl,OdorControl_Outdoors,21_08_2022,ColonyOutdoorsBee9,8,102.28,175.13037,New,
OdorControl,OdorControl_Outdoors,21_08_2022,ColonyOutdoorsBee9,9,133.98,301.676595,Used,
OdorControl,OdorControl_Outdoors,21_08_2022,ColonyOutdoorsBee10,1,171.66,331.610615,,
OdorControl,OdorControl_Outdoors,21_08_2022,ColonyOutdoorsBee10,2,118.8,201.347714,,
OdorControl,OdorControl_Outdoors,21_08_2022,ColonyOutdoorsBee10,3,121.44,184.660813,,
OdorControl,OdorControl_Outdoors,21_08_2022,ColonyOutdoorsBee10,4,141.48,228.820669,,
OdorControl,OdorControl_Outdoors,21_08_2022,ColonyOutdoorsBee10,5,98.46,144.632107,,
OdorControl,OdorControl_Outdoors,21_08_2022,ColonyOutdoorsBee10,6,110.64,184.715454,,
OdorControl,OdorControl_Outdoors,21_08_2022,ColonyOutdoorsBee10,7,135.88,218.794224,,
OdorControl,OdorControl_Outdoors,21_08_2022,ColonyOutdoorsBee10,8,112.46,145.808958,Used,
OdorControl,OdorControl_Outdoors,21_08_2022,ColonyOutdoorsBee10,9,139.16,248.915651,New,
OdorControl,OdorControl_Outdoors,22_08_2022,ColonyOutdoorsBee11,1,119.4,417.288325,,
OdorControl,OdorControl_Outdoors,22_08_2022,ColonyOutdoorsBee11,2,92.16,334.964323,,
OdorControl,OdorControl_Outdoors,22_08_2022,ColonyOutdoorsBee11,3,90.54,330.863248,,
OdorControl,OdorControl_Outdoors,22_08_2022,ColonyOutdoorsBee11,4,177.78,710.363305,,
OdorControl,OdorControl_Outdoors,22_08_2022,ColonyOutdoorsBee11,5,71.9,220.947482,,
OdorControl,OdorControl_Outdoors,22_08_2022,ColonyOutdoorsBee11,6,86.46,278.238332,,
OdorControl,OdorControl_Outdoors,22_08_2022,ColonyOutdoorsBee11,7,75.82,224.727653,,
OdorControl,OdorControl_Outdoors,22_08_2022,ColonyOutdoorsBee11,8,166.4,624.983752,New,
OdorControl,OdorControl_Outdoors,22_08_2022,ColonyOutdoorsBee11,9,82.64,239.282699,Used,
OdorControl,OdorControl_Outdoors,24_08_2022,ColonyOutdoorsBee12,1,167.22,512.555647,,
OdorControl,OdorControl_Outdoors,24_08_2022,ColonyOutdoorsBee12,2,82.88,269.018601,,
OdorControl,OdorControl_Outdoors,24_08_2022,ColonyOutdoorsBee12,3,154.44,620.496073,,
OdorControl,OdorControl_Outdoors,24_08_2022,ColonyOutdoorsBee12,4,136.06,443.437036,,
OdorControl,OdorControl_Outdoors,24_08_2022,ColonyOutdoorsBee12,5,80.06,195.19016,,
OdorControl,OdorControl_Outdoors,24_08_2022,ColonyOutdoorsBee12,6,110.86,427.679389,,
OdorControl,OdorControl_Outdoors,24_08_2022,ColonyOutdoorsBee12,7,69.3,202.468238,,
OdorControl,OdorControl_Outdoors,24_08_2022,ColonyOutdoorsBee12,8,56.66,150.60318,Used,
OdorControl,OdorControl_Outdoors,24_08_2022,ColonyOutdoorsBee12,9,72.06,245.567068,New,
OdorControl,OdorControl_Outdoors,24_08_2022,ColonyOutdoorsBee13,1,140.1,403.043008,,
OdorControl,OdorControl_Outdoors,24_08_2022,ColonyOutdoorsBee13,2,92.52,238.084831,,
OdorControl,OdorControl_Outdoors,24_08_2022,ColonyOutdoorsBee13,3,104.12,365.923612,,
OdorControl,OdorControl_Outdoors,24_08_2022,ColonyOutdoorsBee13,4,87.34,253.4975,,
OdorControl,OdorControl_Outdoors,24_08_2022,ColonyOutdoorsBee13,5,123.02,465.963462,,
OdorControl,OdorControl_Outdoors,24_08_2022,ColonyOutdoorsBee13,6,109.48,396.36939,,
OdorControl,OdorControl_Outdoors,24_08_2022,ColonyOutdoorsBee13,7,72.28,259.657929,,
OdorControl,OdorControl_Outdoors,24_08_2022,ColonyOutdoorsBee13,8,83.48,281.313382,New,
OdorControl,OdorControl_Outdoors,24_08_2022,ColonyOutdoorsBee13,9,54.02,112.092211,Used,
OdorControl,OdorControl_Outdoors,25_08_2022,ColonyOutdoorsBee14,1,249.38,781.788242,,
OdorControl,OdorControl_Outdoors,25_08_2022,ColonyOutdoorsBee14,2,77.06,120.060902,,
OdorControl,OdorControl_Outdoors,25_08_2022,ColonyOutdoorsBee14,3,123.86,302.248405,,
OdorControl,OdorControl_Outdoors,25_08_2022,ColonyOutdoorsBee14,4,135.28,349.093936,,
OdorControl,OdorControl_Outdoors,25_08_2022,ColonyOutdoorsBee14,5,160.54,388.610228,,
OdorControl,OdorControl_Outdoors,25_08_2022,ColonyOutdoorsBee14,6,125.94,376.037135,,
OdorControl,OdorControl_Outdoors,25_08_2022,ColonyOutdoorsBee14,7,107.46,217.088318,,
OdorControl,OdorControl_Outdoors,25_08_2022,ColonyOutdoorsBee14,8,85.66,158.984512,Used,
OdorControl,OdorControl_Outdoors,25_08_2022,ColonyOutdoorsBee14,9,103.2,236.889736,New,
OdorControl,OdorControl_Outdoors,25_08_2022,ColonyOutdoorsBee15,1,142.66,185.240231,,
OdorControl,OdorControl_Outdoors,25_08_2022,ColonyOutdoorsBee15,2,126.6,277.061856,,
OdorControl,OdorControl_Outdoors,25_08_2022,ColonyOutdoorsBee15,3,121.88,205.039505,,
OdorControl,OdorControl_Outdoors,25_08_2022,ColonyOutdoorsBee15,4,85.98,129.7331,,
OdorControl,OdorControl_Outdoors,25_08_2022,ColonyOutdoorsBee15,5,130.6,293.243109,,
OdorControl,OdorControl_Outdoors,25_08_2022,ColonyOutdoorsBee15,6,119.36,238.364491,,
OdorControl,OdorControl_Outdoors,25_08_2022,ColonyOutdoorsBee15,7,170.76,383.554909,,
OdorControl,OdorControl_Outdoors,25_08_2022,ColonyOutdoorsBee15,8,110.16,196.767044,New,
OdorControl,OdorControl_Outdoors,25_08_2022,ColonyOutdoorsBee15,9,141.74,325.525037,Used,
OdorControl,OdorControl_Outdoors,28_08_2022,ColonyOutdoorsBee16,1,155.24,377.533557,,
OdorControl,OdorControl_Outdoors,28_08_2022,ColonyOutdoorsBee16,2,114.76,227.65088,,
OdorControl,OdorControl_Outdoors,28_08_2022,ColonyOutdoorsBee16,3,152.42,224.626679,,
OdorControl,OdorControl_Outdoors,28_08_2022,ColonyOutdoorsBee16,4,199.16,468.231794,,
OdorControl,OdorControl_Outdoors,28_08_2022,ColonyOutdoorsBee16,5,117.14,237.779869,,
OdorControl,OdorControl_Outdoors,28_08_2022,ColonyOutdoorsBee16,6,184.04,535.672421,,
OdorControl,OdorControl_Outdoors,28_08_2022,ColonyOutdoorsBee16,7,143.72,329.194278,,
OdorControl,OdorControl_Outdoors,28_08_2022,ColonyOutdoorsBee16,8,94.6,166.939836,Used,
OdorControl,OdorControl_Outdoors,28_08_2022,ColonyOutdoorsBee16,9,85.6,170.146736,New,
OdorControl,OdorControl_Outdoors,28_08_2022,ColonyOutdoorsBee17,1,102.1,224.260984,,
OdorControl,OdorControl_Outdoors,28_08_2022,ColonyOutdoorsBee17,2,125.02,337.987861,,
OdorControl,OdorControl_Outdoors,28_08_2022,ColonyOutdoorsBee17,3,87.08,249.211451,,
OdorControl,OdorControl_Outdoors,28_08_2022,ColonyOutdoorsBee17,4,56.7,170.669026,,
OdorControl,OdorControl_Outdoors,28_08_2022,ColonyOutdoorsBee17,5,76.2,200.471434,,
OdorControl,OdorControl_Outdoors,28_08_2022,ColonyOutdoorsBee17,6,71.04,218.566921,,
OdorControl,OdorControl_Outdoors,28_08_2022,ColonyOutdoorsBee17,7,181,709.228313,,
OdorControl,OdorControl_Outdoors,28_08_2022,ColonyOutdoorsBee17,8,179.44,648.91528,New,
OdorControl,OdorControl_Outdoors,28_08_2022,ColonyOutdoorsBee17,9,129.68,482.998385,Used,
OdorControl,OdorControl_Outdoors,29_08_2022,ColonyOutdoorsBee18,1,154.6,516.397373,,
OdorControl,OdorControl_Outdoors,29_08_2022,ColonyOutdoorsBee18,2,95.82,266.271282,,
OdorControl,OdorControl_Outdoors,29_08_2022,ColonyOutdoorsBee18,3,133.44,441.574786,,
OdorControl,OdorControl_Outdoors,29_08_2022,ColonyOutdoorsBee18,4,112.12,349.730547,,
OdorControl,OdorControl_Outdoors,29_08_2022,ColonyOutdoorsBee18,5,143.64,363.712451,,
OdorControl,OdorControl_Outdoors,29_08_2022,ColonyOutdoorsBee18,6,86.3,208.031477,,
OdorControl,OdorControl_Outdoors,29_08_2022,ColonyOutdoorsBee18,7,138.7,489.262245,,
OdorControl,OdorControl_Outdoors,29_08_2022,ColonyOutdoorsBee18,8,74.5,179.03429,Used,
OdorControl,OdorControl_Outdoors,29_08_2022,ColonyOutdoorsBee18,9,114.38,368.497904,New,
OdorControl,OdorControl_Outdoors,29_08_2022,ColonyOutdoorsBee19,1,251.38,692.1266,,
OdorControl,OdorControl_Outdoors,29_08_2022,ColonyOutdoorsBee19,2,139.2,410.759523,,
OdorControl,OdorControl_Outdoors,29_08_2022,ColonyOutdoorsBee19,3,93.2,214.12094,,
OdorControl,OdorControl_Outdoors,29_08_2022,ColonyOutdoorsBee19,4,80.56,176.676124,,
OdorControl,OdorControl_Outdoors,29_08_2022,ColonyOutdoorsBee19,5,84.3,234.905149,,
OdorControl,OdorControl_Outdoors,29_08_2022,ColonyOutdoorsBee19,6,82.6,210.922003,,
OdorControl,OdorControl_Outdoors,29_08_2022,ColonyOutdoorsBee19,7,166.74,557.666757,,
OdorControl,OdorControl_Outdoors,29_08_2022,ColonyOutdoorsBee19,8,82.34,160.440358,New,
OdorControl,OdorControl_Outdoors,29_08_2022,ColonyOutdoorsBee19,9,89.08,227.464519,Used,
OdorControl,OdorControl_Outdoors,01_09_2022,ColonyOutdoorsBee20,1,228.42,958.71015,,
OdorControl,OdorControl_Outdoors,01_09_2022,ColonyOutdoorsBee20,2,102.34,269.242659,,
OdorControl,OdorControl_Outdoors,01_09_2022,ColonyOutdoorsBee20,3,76.4,249.860538,,
OdorControl,OdorControl_Outdoors,01_09_2022,ColonyOutdoorsBee20,4,136.28,491.51411,,
OdorControl,OdorControl_Outdoors,01_09_2022,ColonyOutdoorsBee20,5,72.08,189.808384,,
OdorControl,OdorControl_Outdoors,01_09_2022,ColonyOutdoorsBee20,6,68.22,172.728777,,
OdorControl,OdorControl_Outdoors,01_09_2022,ColonyOutdoorsBee20,7,82.6,154.419595,,
OdorControl,OdorControl_Outdoors,01_09_2022,ColonyOutdoorsBee20,8,121.96,476.516914,Used,
OdorControl,OdorControl_Outdoors,01_09_2022,ColonyOutdoorsBee20,9,85.3,261.096003,New,
Balanced,Balanced_Colony01,29_11_2021,Colony1_867Rep1,1,162.16,254.182415,,
Balanced,Balanced_Colony01,29_11_2021,Colony1_867Rep1,2,165.2,200.223822,,Only 7 arms
Balanced,Balanced_Colony01,29_11_2021,Colony1_867Rep1,3,95.16,102.000316,,
Balanced,Balanced_Colony01,29_11_2021,Colony1_867Rep1,4,105.14,136.778263,,
Balanced,Balanced_Colony01,29_11_2021,Colony1_867Rep1,5,140.78,130.724836,,
Balanced,Balanced_Colony01,29_11_2021,Colony1_867Rep1,6,122.8,147.591507,,
Balanced,Balanced_Colony01,29_11_2021,Colony1_867Rep1,7,115.6,109.318702,,
Balanced,Balanced_Colony01,29_11_2021,Colony1_867Rep1,8,133.56,123.330853,,
Balanced,Balanced_Colony01,01_12_2021,Colony1_867Rep2,1,107.2,434.366695,,
Balanced,Balanced_Colony01,01_12_2021,Colony1_867Rep2,2,153.32,267.700385,,
Balanced,Balanced_Colony01,01_12_2021,Colony1_867Rep2,3,83,339.764055,,
Balanced,Balanced_Colony01,01_12_2021,Colony1_867Rep2,4,64,187.798325,,
Balanced,Balanced_Colony01,01_12_2021,Colony1_867Rep2,5,72.9,210.283513,,
Balanced,Balanced_Colony01,01_12_2021,Colony1_867Rep2,6,109.5,329.212638,,
Balanced,Balanced_Colony01,01_12_2021,Colony1_867Rep2,7,58.22,100.891621,,
Balanced,Balanced_Colony01,01_12_2021,Colony1_867Rep2,8,57.82,64.085818,,
Balanced,Balanced_Colony01,02_12_2021,Colony1_867Rep3,1,155.78,272.496682,,
Balanced,Balanced_Colony01,02_12_2021,Colony1_867Rep3,2,131.3,306.02123,,
Balanced,Balanced_Colony01,02_12_2021,Colony1_867Rep3,3,213.64,419.332162,,
Balanced,Balanced_Colony01,02_12_2021,Colony1_867Rep3,4,146.06,287.104176,,
Balanced,Balanced_Colony01,02_12_2021,Colony1_867Rep3,5,119.62,158.733355,,
Balanced,Balanced_Colony01,02_12_2021,Colony1_867Rep3,6,107.46,129.392015,,
Balanced,Balanced_Colony01,02_12_2021,Colony1_867Rep3,7,132.32,189.871257,,
Balanced,Balanced_Colony01,02_12_2021,Colony1_867Rep3,8,119.4,137.974778,,
Balanced,Balanced_Colony01,06_12_2021,Colony1_867Rep4,1,139.28,321.949217,,
Balanced,Balanced_Colony01,06_12_2021,Colony1_867Rep4,2,141.06,213.449553,,
Balanced,Balanced_Colony01,06_12_2021,Colony1_867Rep4,3,74.14,130.733013,,
Balanced,Balanced_Colony01,06_12_2021,Colony1_867Rep4,4,81.88,145.103929,,
Balanced,Balanced_Colony01,06_12_2021,Colony1_867Rep4,5,107.14,109.297556,,
Balanced,Balanced_Colony01,06_12_2021,Colony1_867Rep4,6,128.88,198.804666,,
Balanced,Balanced_Colony01,06_12_2021,Colony1_867Rep4,7,105.4,201.641447,,
Balanced,Balanced_Colony01,06_12_2021,Colony1_867Rep4,8,71.74,83.4155,,
Balanced,Balanced_Colony01,06_12_2021,Colony1_867Rep5,1,195.84,247.210038,,
Balanced,Balanced_Colony01,06_12_2021,Colony1_867Rep5,2,235.4,256.918541,,
Balanced,Balanced_Colony01,06_12_2021,Colony1_867Rep5,3,113.46,113.599639,,
Balanced,Balanced_Colony01,06_12_2021,Colony1_867Rep5,4,115.02,116.656864,,
Balanced,Balanced_Colony01,06_12_2021,Colony1_867Rep5,5,178.22,194.822722,,
Balanced,Balanced_Colony01,06_12_2021,Colony1_867Rep5,6,158.3,152.46459,,
Balanced,Balanced_Colony01,06_12_2021,Colony1_867Rep5,7,152.74,169.092074,,
Balanced,Balanced_Colony01,06_12_2021,Colony1_867Rep5,8,155.4,172.195333,,
Balanced,Balanced_Colony01,08_12_2021,Colony1_867Rep6,1,201.28,171.70119,,
Balanced,Balanced_Colony01,08_12_2021,Colony1_867Rep6,2,118.52,157.532744,,
Balanced,Balanced_Colony01,08_12_2021,Colony1_867Rep6,3,129.4,208.897866,,Only 7 arms
Balanced,Balanced_Colony01,08_12_2021,Colony1_867Rep6,4,211.58,354.203598,,
Balanced,Balanced_Colony01,08_12_2021,Colony1_867Rep6,5,88.18,155.759746,,
Balanced,Balanced_Colony01,08_12_2021,Colony1_867Rep6,6,65.38,98.991066,,
Balanced,Balanced_Colony01,08_12_2021,Colony1_867Rep6,7,153.9,234.85557,,
Balanced,Balanced_Colony01,08_12_2021,Colony1_867Rep6,8,131.2,210.986173,,
Balanced,Balanced_Colony02,01_02_2022,Colony2_39Rep1,1,111.9,269.48983,,
Balanced,Balanced_Colony02,01_02_2022,Colony2_39Rep1,2,90.2,150.398294,,
Balanced,Balanced_Colony02,01_02_2022,Colony2_39Rep1,3,78.48,101.238994,,
Balanced,Balanced_Colony02,01_02_2022,Colony2_39Rep1,4,134.54,290.792682,,
Balanced,Balanced_Colony02,01_02_2022,Colony2_39Rep1,5,90.38,174.272664,,
Balanced,Balanced_Colony02,01_02_2022,Colony2_39Rep1,6,75.5,103.934278,,
Balanced,Balanced_Colony02,01_02_2022,Colony2_39Rep1,7,75.46,99.236324,,
Balanced,Balanced_Colony02,01_02_2022,Colony2_39Rep1,8,83.94,132.999253,,
Balanced,Balanced_Colony02,01_02_2022,Colony2_39Rep2,1,103.4,158.812098,,
Balanced,Balanced_Colony02,01_02_2022,Colony2_39Rep2,2,156.06,331.068209,,
Balanced,Balanced_Colony02,01_02_2022,Colony2_39Rep2,3,125.5,235.26628,,
Balanced,Balanced_Colony02,01_02_2022,Colony2_39Rep2,4,107.48,173.4292,,
Balanced,Balanced_Colony02,01_02_2022,Colony2_39Rep2,5,119.2,140.571857,,
Balanced,Balanced_Colony02,01_02_2022,Colony2_39Rep2,6,101.8,194.272077,,
Balanced,Balanced_Colony02,01_02_2022,Colony2_39Rep2,7,73.94,103.343841,,
Balanced,Balanced_Colony02,01_02_2022,Colony2_39Rep2,8,83.14,111.004553,,
Balanced,Balanced_Colony02,02_02_2022,Colony2_39Rep3,1,154.1,302.443759,,
Balanced,Balanced_Colony02,02_02_2022,Colony2_39Rep3,2,132.68,183.815708,,
Balanced,Balanced_Colony02,02_02_2022,Colony2_39Rep3,3,138.44,133.937106,,
Balanced,Balanced_Colony02,02_02_2022,Colony2_39Rep3,4,92.66,93.08101,,
Balanced,Balanced_Colony02,02_02_2022,Colony2_39Rep3,5,167.9,217.890262,,
Balanced,Balanced_Colony02,02_02_2022,Colony2_39Rep3,6,159.64,162.598449,,
Balanced,Balanced_Colony02,02_02_2022,Colony2_39Rep3,7,92.7,77.798104,,
Balanced,Balanced_Colony02,02_02_2022,Colony2_39Rep3,8,122.06,193.322136,,
Balanced,Balanced_Colony02,03_02_2022,Colony2_39Rep4,1,167.24,301.677482,,
Balanced,Balanced_Colony02,03_02_2022,Colony2_39Rep4,2,116.2,214.920094,,
Balanced,Balanced_Colony02,03_02_2022,Colony2_39Rep4,3,116.8,234.184338,,
Balanced,Balanced_Colony02,03_02_2022,Colony2_39Rep4,4,136.28,262.212419,,
Balanced,Balanced_Colony02,03_02_2022,Colony2_39Rep4,5,90.96,122.447836,,
Balanced,Balanced_Colony02,03_02_2022,Colony2_39Rep4,6,105.9,178.376218,,
Balanced,Balanced_Colony02,03_02_2022,Colony2_39Rep4,7,143.68,260.704479,,
Balanced,Balanced_Colony02,03_02_2022,Colony2_39Rep4,8,144.2,259.617078,,
Balanced,Balanced_Colony02,03_02_2022,Colony2_39Rep5,1,138,242.188233,,
Balanced,Balanced_Colony02,03_02_2022,Colony2_39Rep5,2,162.54,356.294099,,
Balanced,Balanced_Colony02,03_02_2022,Colony2_39Rep5,3,85.78,149.620082,,
Balanced,Balanced_Colony02,03_02_2022,Colony2_39Rep5,4,150.1,248.752986,,
Balanced,Balanced_Colony02,03_02_2022,Colony2_39Rep5,5,166.24,352.058613,,
Balanced,Balanced_Colony02,03_02_2022,Colony2_39Rep5,6,145.04,290.831979,,
Balanced,Balanced_Colony02,03_02_2022,Colony2_39Rep5,7,99.5,133.447997,,
Balanced,Balanced_Colony02,03_02_2022,Colony2_39Rep5,8,152.7,292.95992,,
Balanced,Balanced_Colony02,06_02_2022,Colony2_39Rep6,1,74.52,226.357179,,
Balanced,Balanced_Colony02,06_02_2022,Colony2_39Rep6,2,121.72,248.309682,,
Balanced,Balanced_Colony02,06_02_2022,Colony2_39Rep6,3,101.44,252.605508,,
Balanced,Balanced_Colony02,06_02_2022,Colony2_39Rep6,4,120.5,146.586315,,
Balanced,Balanced_Colony02,06_02_2022,Colony2_39Rep6,5,109.4,259.432271,,
Balanced,Balanced_Colony02,06_02_2022,Colony2_39Rep6,6,87.44,142.900012,,
Balanced,Balanced_Colony02,06_02_2022,Colony2_39Rep6,7,143.08,388.539936,,
Balanced,Balanced_Colony02,06_02_2022,Colony2_39Rep6,8,108.36,252.885725,,
Balanced,Balanced_Colony03,13_03_2022,Colony3_807Rep1,1,185.1,151.561277,,
Balanced,Balanced_Colony03,13_03_2022,Colony3_807Rep1,2,104.06,78.932112,,
Balanced,Balanced_Colony03,13_03_2022,Colony3_807Rep1,3,200.9,354.340314,,
Balanced,Balanced_Colony03,13_03_2022,Colony3_807Rep1,4,126.12,209.27523,,
Balanced,Balanced_Colony03,13_03_2022,Colony3_807Rep1,5,261.66,493.750478,,
Balanced,Balanced_Colony03,13_03_2022,Colony3_807Rep1,6,148.18,274.52743,,
Balanced,Balanced_Colony03,13_03_2022,Colony3_807Rep1,7,125.4,198.73082,,
Balanced,Balanced_Colony03,13_03_2022,Colony3_807Rep1,8,181.12,304.336956,,
Balanced,Balanced_Colony03,14_03_2022,Colony3_807Rep2,1,213.7,352.578498,,
Balanced,Balanced_Colony03,14_03_2022,Colony3_807Rep2,2,103,84.27013,,
Balanced,Balanced_Colony03,14_03_2022,Colony3_807Rep2,3,158.34,217.17261,,
Balanced,Balanced_Colony03,14_03_2022,Colony3_807Rep2,4,97.1,58.233293,,
Balanced,Balanced_Colony03,14_03_2022,Colony3_807Rep2,5,159.38,237.162027,,
Balanced,Balanced_Colony03,14_03_2022,Colony3_807Rep2,6,151.5,238.394368,,
Balanced,Balanced_Colony03,14_03_2022,Colony3_807Rep2,7,198.8,539.390097,,
Balanced,Balanced_Colony03,14_03_2022,Colony3_807Rep2,8,90.36,151.581122,,
Balanced,Balanced_Colony03,15_03_2022,Colony3_807Rep3,1,106.34,278.953135,,
Balanced,Balanced_Colony03,15_03_2022,Colony3_807Rep3,2,127.52,285.754882,,
Balanced,Balanced_Colony03,15_03_2022,Colony3_807Rep3,3,81.98,138.285856,,
Balanced,Balanced_Colony03,15_03_2022,Colony3_807Rep3,4,97.74,222.918513,,
Balanced,Balanced_Colony03,15_03_2022,Colony3_807Rep3,5,138.76,468.477511,,
Balanced,Balanced_Colony03,15_03_2022,Colony3_807Rep3,6,138.26,409.196152,,
Balanced,Balanced_Colony03,15_03_2022,Colony3_807Rep3,7,95.02,175.402101,,
Balanced,Balanced_Colony03,15_03_2022,Colony3_807Rep3,8,81.6,165.560531,,
Balanced,Balanced_Colony03,16_03_2022,Colony3_807Rep4,1,167.96,433.716145,,
Balanced,Balanced_Colony03,16_03_2022,Colony3_807Rep4,2,111.16,224.264965,,
Balanced,Balanced_Colony03,16_03_2022,Colony3_807Rep4,3,146.94,389.958022,,
Balanced,Balanced_Colony03,16_03_2022,Colony3_807Rep4,4,118.98,180.097278,,
Balanced,Balanced_Colony03,16_03_2022,Colony3_807Rep4,5,116.74,161.606723,,
Balanced,Balanced_Colony03,16_03_2022,Colony3_807Rep4,6,88.34,195.751654,,
Balanced,Balanced_Colony03,16_03_2022,Colony3_807Rep4,7,126.92,259.653117,,
Balanced,Balanced_Colony03,16_03_2022,Colony3_807Rep4,8,84.12,156.550061,,
Balanced,Balanced_Colony03,17_03_2022,Colony3_807Rep5,1,89.62,102.907787,,
Balanced,Balanced_Colony03,17_03_2022,Colony3_807Rep5,2,135.8,338.139032,,
Balanced,Balanced_Colony03,17_03_2022,Colony3_807Rep5,3,114.74,278.614749,,
Balanced,Balanced_Colony03,17_03_2022,Colony3_807Rep5,4,108.16,265.096257,,
Balanced,Balanced_Colony03,17_03_2022,Colony3_807Rep5,5,130.36,249.163565,,
Balanced,Balanced_Colony03,17_03_2022,Colony3_807Rep5,6,156.36,473.009743,,
Balanced,Balanced_Colony03,17_03_2022,Colony3_807Rep5,7,121.8,271.134405,,
Balanced,Balanced_Colony03,17_03_2022,Colony3_807Rep5,8,99.96,128.208644,,
Balanced,Balanced_Colony03,17_03_2022,Colony3_807Rep6,1,158.72,88.276724,,
Balanced,Balanced_Colony03,17_03_2022,Colony3_807Rep6,2,219.04,173.921773,,
Balanced,Balanced_Colony03,17_03_2022,Colony3_807Rep6,3,132.7,75.815978,,
Balanced,Balanced_Colony03,17_03_2022,Colony3_807Rep6,4,147.32,99.526826,,
Balanced,Balanced_Colony03,17_03_2022,Colony3_807Rep6,5,153.38,67.158512,,
Balanced,Balanced_Colony03,17_03_2022,Colony3_807Rep6,6,130.18,25.858499,,
Balanced,Balanced_Colony03,17_03_2022,Colony3_807Rep6,7,129.58,29.199423,,
Balanced,Balanced_Colony03,17_03_2022,Colony3_807Rep6,8,135,47.897571,,
Balanced,Balanced_Colony04,28_04_2022,Colony4_42Rep1,1,157.52,339.227287,,
Balanced,Balanced_Colony04,28_04_2022,Colony4_42Rep1,2,148.12,299.963628,,
Balanced,Balanced_Colony04,28_04_2022,Colony4_42Rep1,3,207.52,452.255691,,
Balanced,Balanced_Colony04,28_04_2022,Colony4_42Rep1,4,197.28,484.923091,,
Balanced,Balanced_Colony04,28_04_2022,Colony4_42Rep1,5,112.98,205.9907,,
Balanced,Balanced_Colony04,28_04_2022,Colony4_42Rep1,6,83.36,185.121047,,
Balanced,Balanced_Colony04,28_04_2022,Colony4_42Rep1,7,118.92,197.550614,,
Balanced,Balanced_Colony04,28_04_2022,Colony4_42Rep1,8,144.66,246.939827,,
Balanced,Balanced_Colony04,01_05_2022,Colony4_42Rep2,1,154.12,373.315926,,
Balanced,Balanced_Colony04,01_05_2022,Colony4_42Rep2,2,142.84,249.445074,,
Balanced,Balanced_Colony04,01_05_2022,Colony4_42Rep2,3,173.62,347.977959,,
Balanced,Balanced_Colony04,01_05_2022,Colony4_42Rep2,4,79.24,80.867504,,
Balanced,Balanced_Colony04,01_05_2022,Colony4_42Rep2,5,86.94,85.777754,,
Balanced,Balanced_Colony04,01_05_2022,Colony4_42Rep2,6,70.72,57.22646,,
Balanced,Balanced_Colony04,01_05_2022,Colony4_42Rep2,7,84.56,58.008141,,
Balanced,Balanced_Colony04,01_05_2022,Colony4_42Rep2,8,83.7,61.691391,,
Balanced,Balanced_Colony04,01_05_2022,Colony4_42Rep3,1,112.08,152.29988,,
Balanced,Balanced_Colony04,01_05_2022,Colony4_42Rep3,2,87.68,95.171461,,
Balanced,Balanced_Colony04,01_05_2022,Colony4_42Rep3,3,75.14,79.831289,,
Balanced,Balanced_Colony04,01_05_2022,Colony4_42Rep3,4,156.36,255.942741,,
Balanced,Balanced_Colony04,01_05_2022,Colony4_42Rep3,5,92.46,79.68115,,
Balanced,Balanced_Colony04,01_05_2022,Colony4_42Rep3,6,97.78,87.222268,,
Balanced,Balanced_Colony04,01_05_2022,Colony4_42Rep3,7,120.68,127.426617,,
Balanced,Balanced_Colony04,01_05_2022,Colony4_42Rep3,8,77.04,73.037604,,
Balanced,Balanced_Colony04,01_05_2022,Colony4_42Rep4,1,111.36,241.468625,,
Balanced,Balanced_Colony04,01_05_2022,Colony4_42Rep4,2,234.28,750.609034,,
Balanced,Balanced_Colony04,01_05_2022,Colony4_42Rep4,3,157.44,433.701234,,
Balanced,Balanced_Colony04,01_05_2022,Colony4_42Rep4,4,135.74,348.928056,,
Balanced,Balanced_Colony04,01_05_2022,Colony4_42Rep4,5,104.96,211.339051,,
Balanced,Balanced_Colony04,01_05_2022,Colony4_42Rep4,6,67.46,144.770394,,
Balanced,Balanced_Colony04,01_05_2022,Colony4_42Rep4,7,171.28,455.108856,,
Balanced,Balanced_Colony04,01_05_2022,Colony4_42Rep4,8,126,315.615197,,
Balanced,Balanced_Colony04,02_05_2022,Colony4_42Rep5,1,163.56,360.488773,,
Balanced,Balanced_Colony04,02_05_2022,Colony4_42Rep5,2,120.52,319.299232,,
Balanced,Balanced_Colony04,02_05_2022,Colony4_42Rep5,3,93,161.255804,,
Balanced,Balanced_Colony04,02_05_2022,Colony4_42Rep5,4,93.8,206.150355,,
Balanced,Balanced_Colony04,02_05_2022,Colony4_42Rep5,5,77.16,170.000367,,
Balanced,Balanced_Colony04,02_05_2022,Colony4_42Rep5,6,73.02,120.206151,,
Balanced,Balanced_Colony04,02_05_2022,Colony4_42Rep5,7,99.26,242.627966,,
Balanced,Balanced_Colony04,02_05_2022,Colony4_42Rep5,8,95.32,226.971221,,
Balanced,Balanced_Colony04,02_05_2022,Colony4_42Rep6,1,84,191.882045,,
Balanced,Balanced_Colony04,02_05_2022,Colony4_42Rep6,2,92.16,271.771862,,
Balanced,Balanced_Colony04,02_05_2022,Colony4_42Rep6,3,156.62,590.776084,,
Balanced,Balanced_Colony04,02_05_2022,Colony4_42Rep6,4,82.98,233.652497,,
Balanced,Balanced_Colony04,02_05_2022,Colony4_42Rep6,5,84.44,281.565727,,
Balanced,Balanced_Colony04,02_05_2022,Colony4_42Rep6,6,82.08,274.267966,,
Balanced,Balanced_Colony04,02_05_2022,Colony4_42Rep6,7,88.94,326.217317,,
Balanced,Balanced_Colony04,02_05_2022,Colony4_42Rep6,8,85.14,310.200648,,
Balanced,Balanced_Colony05,01_06_2022,Colony5_40Rep1,1,79.14,355.708352,,
Balanced,Balanced_Colony05,01_06_2022,Colony5_40Rep1,2,83.94,322.865944,,
Balanced,Balanced_Colony05,01_06_2022,Colony5_40Rep1,3,132.06,496.794057,,
Balanced,Balanced_Colony05,01_06_2022,Colony5_40Rep1,4,79.08,323.432674,,
Balanced,Balanced_Colony05,01_06_2022,Colony5_40Rep1,5,68.74,208.43117,,
Balanced,Balanced_Colony05,01_06_2022,Colony5_40Rep1,6,73.7,231.850164,,
Balanced,Balanced_Colony05,01_06_2022,Colony5_40Rep1,7,92.76,312.990082,,
Balanced,Balanced_Colony05,01_06_2022,Colony5_40Rep1,8,93.24,323.433148,,
Balanced,Balanced_Colony05,01_06_2022,Colony5_40Rep2,1,93.46,271.438255,,
Balanced,Balanced_Colony05,01_06_2022,Colony5_40Rep2,2,70.7,227.317662,,
Balanced,Balanced_Colony05,01_06_2022,Colony5_40Rep2,3,77.38,228.8354,,
Balanced,Balanced_Colony05,01_06_2022,Colony5_40Rep2,4,64.72,213.461224,,
Balanced,Balanced_Colony05,01_06_2022,Colony5_40Rep2,5,107.2,467.385996,,
Balanced,Balanced_Colony05,01_06_2022,Colony5_40Rep2,6,59.66,204.79379,,
Balanced,Balanced_Colony05,01_06_2022,Colony5_40Rep2,7,63.58,211.789195,,
Balanced,Balanced_Colony05,01_06_2022,Colony5_40Rep2,8,91.4,339.46235,,
Balanced,Balanced_Colony05,01_06_2022,Colony5_40Rep3,1,238.3,974.347399,,
Balanced,Balanced_Colony05,01_06_2022,Colony5_40Rep3,2,146.1,592.041348,,
Balanced,Balanced_Colony05,01_06_2022,Colony5_40Rep3,3,128.32,470.612621,,
Balanced,Balanced_Colony05,01_06_2022,Colony5_40Rep3,4,104.4,383.594251,,
Balanced,Balanced_Colony05,01_06_2022,Colony5_40Rep3,5,74.14,251.340433,,
Balanced,Balanced_Colony05,01_06_2022,Colony5_40Rep3,6,69.12,275.026616,,
Balanced,Balanced_Colony05,01_06_2022,Colony5_40Rep3,7,88.7,326.979498,,
Balanced,Balanced_Colony05,01_06_2022,Colony5_40Rep3,8,48.3,134.908691,,
Balanced,Balanced_Colony05,03_06_2022,Colony5_40Rep4,1,95.12,168.49443,,
Balanced,Balanced_Colony05,03_06_2022,Colony5_40Rep4,2,139.26,319.609259,,
Balanced,Balanced_Colony05,03_06_2022,Colony5_40Rep4,3,103.92,151.753727,,
Balanced,Balanced_Colony05,03_06_2022,Colony5_40Rep4,4,145.6,265.528942,,
Balanced,Balanced_Colony05,03_06_2022,Colony5_40Rep4,5,132.9,256.941843,,
Balanced,Balanced_Colony05,03_06_2022,Colony5_40Rep4,6,103.7,220.835109,,
Balanced,Balanced_Colony05,03_06_2022,Colony5_40Rep4,7,108.52,140.241071,,
Balanced,Balanced_Colony05,03_06_2022,Colony5_40Rep4,8,102.96,192.039132,,
Balanced,Balanced_Colony05,03_06_2022,Colony5_40Rep5,1,114.6,215.350835,,
Balanced,Balanced_Colony05,03_06_2022,Colony5_40Rep5,2,175.12,537.373538,,
Balanced,Balanced_Colony05,03_06_2022,Colony5_40Rep5,3,111.2,358.446527,,
Balanced,Balanced_Colony05,03_06_2022,Colony5_40Rep5,4,83.06,194.612991,,
Balanced,Balanced_Colony05,03_06_2022,Colony5_40Rep5,5,104.64,168.301287,,
Balanced,Balanced_Colony05,03_06_2022,Colony5_40Rep5,6,170,621.037603,,
Balanced,Balanced_Colony05,03_06_2022,Colony5_40Rep5,7,99.92,205.579148,,
Balanced,Balanced_Colony05,03_06_2022,Colony5_40Rep5,8,82.88,132.316968,,
Balanced,Balanced_Colony05,06_06_2022,Colony5_40Rep6,1,101.58,435.499022,,
Balanced,Balanced_Colony05,06_06_2022,Colony5_40Rep6,2,61.48,227.291786,,
Balanced,Balanced_Colony05,06_06_2022,Colony5_40Rep6,3,62.46,253.078087,,
Balanced,Balanced_Colony05,06_06_2022,Colony5_40Rep6,4,56.16,195.419313,,
Balanced,Balanced_Colony05,06_06_2022,Colony5_40Rep6,5,51.02,183.538555,,
Balanced,Balanced_Colony05,06_06_2022,Colony5_40Rep6,6,59.52,229.392473,,
Balanced,Balanced_Colony05,06_06_2022,Colony5_40Rep6,7,60.22,259.684218,,
Balanced,Balanced_Colony05,06_06_2022,Colony5_40Rep6,8,113.04,509.339431,,
Unbalanced,Unbalanced_Colony06,04_01_2022,Colony1_872Rep1,1,110.8,202.545157,,
Unbalanced,Unbalanced_Colony06,04_01_2022,Colony1_872Rep1,2,113.54,340.466022,,
Unbalanced,Unbalanced_Colony06,04_01_2022,Colony1_872Rep1,3,126.1,366.538358,,
Unbalanced,Unbalanced_Colony06,04_01_2022,Colony1_872Rep1,4,95.04,217.975001,,
Unbalanced,Unbalanced_Colony06,04_01_2022,Colony1_872Rep1,5,104.48,232.148426,,
Unbalanced,Unbalanced_Colony06,04_01_2022,Colony1_872Rep1,6,133.8,336.172169,,
Unbalanced,Unbalanced_Colony06,04_01_2022,Colony1_872Rep1,7,185.3,336.657425,,
Unbalanced,Unbalanced_Colony06,04_01_2022,Colony1_872Rep1,8,98.1,149.829804,,
Unbalanced,Unbalanced_Colony06,09_01_2022,Colony1_872Rep2,1,171.98,273.0022,,
Unbalanced,Unbalanced_Colony06,09_01_2022,Colony1_872Rep2,2,224.54,428.171622,,
Unbalanced,Unbalanced_Colony06,09_01_2022,Colony1_872Rep2,3,128.12,196.001537,,
Unbalanced,Unbalanced_Colony06,09_01_2022,Colony1_872Rep2,4,113.54,147.096816,,
Unbalanced,Unbalanced_Colony06,09_01_2022,Colony1_872Rep2,5,123.24,218.591062,,
Unbalanced,Unbalanced_Colony06,09_01_2022,Colony1_872Rep2,6,71.1,124.068982,,
Unbalanced,Unbalanced_Colony06,09_01_2022,Colony1_872Rep2,7,118.44,203.833957,,
Unbalanced,Unbalanced_Colony06,09_01_2022,Colony1_872Rep2,8,82.24,98.905247,,
Unbalanced,Unbalanced_Colony06,12_01_2022,Colony1_872Rep3,1,247.7,567.230748,,
Unbalanced,Unbalanced_Colony06,12_01_2022,Colony1_872Rep3,2,65.62,103.724797,,
Unbalanced,Unbalanced_Colony06,12_01_2022,Colony1_872Rep3,3,60.42,118.572298,,
Unbalanced,Unbalanced_Colony06,12_01_2022,Colony1_872Rep3,4,64.7,102.88745,,
Unbalanced,Unbalanced_Colony06,12_01_2022,Colony1_872Rep3,5,280.62,772.309696,,
Unbalanced,Unbalanced_Colony06,12_01_2022,Colony1_872Rep3,6,85.02,139.868553,,
Unbalanced,Unbalanced_Colony06,12_01_2022,Colony1_872Rep3,7,85.28,103.56113,,
Unbalanced,Unbalanced_Colony06,12_01_2022,Colony1_872Rep3,8,73.8,96.305833,,
Unbalanced,Unbalanced_Colony06,13_01_2022,Colony1_872Rep4,1,109.12,210.558867,,
Unbalanced,Unbalanced_Colony06,13_01_2022,Colony1_872Rep4,2,168.6,424.426576,,
Unbalanced,Unbalanced_Colony06,13_01_2022,Colony1_872Rep4,3,154.76,484.213099,,
Unbalanced,Unbalanced_Colony06,13_01_2022,Colony1_872Rep4,4,145.76,508.222058,,
Unbalanced,Unbalanced_Colony06,13_01_2022,Colony1_872Rep4,5,105.7,275.188742,,
Unbalanced,Unbalanced_Colony06,13_01_2022,Colony1_872Rep4,6,106.22,336.212566,,
Unbalanced,Unbalanced_Colony06,13_01_2022,Colony1_872Rep4,7,165.82,545.675376,,
Unbalanced,Unbalanced_Colony06,13_01_2022,Colony1_872Rep4,8,91.2,160.37729,,
Unbalanced,Unbalanced_Colony06,14_01_2022,Colony1_872Rep5,1,146.82,211.424502,,
Unbalanced,Unbalanced_Colony06,14_01_2022,Colony1_872Rep5,2,212.26,638.186754,,
Unbalanced,Unbalanced_Colony06,14_01_2022,Colony1_872Rep5,3,107.32,211.57644,,
Unbalanced,Unbalanced_Colony06,14_01_2022,Colony1_872Rep5,4,81.6,114.865719,,
Unbalanced,Unbalanced_Colony06,14_01_2022,Colony1_872Rep5,5,88.98,112.538021,,
Unbalanced,Unbalanced_Colony06,14_01_2022,Colony1_872Rep5,6,91.74,116.054866,,
Unbalanced,Unbalanced_Colony06,14_01_2022,Colony1_872Rep5,7,123.76,198.209754,,
Unbalanced,Unbalanced_Colony06,14_01_2022,Colony1_872Rep5,8,88.02,96.366313,,
Unbalanced,Unbalanced_Colony06,16_01_2022,Colony1_872Rep6,1,143.18,428.281215,,
Unbalanced,Unbalanced_Colony06,16_01_2022,Colony1_872Rep6,2,79.9,173.81187,,
Unbalanced,Unbalanced_Colony06,16_01_2022,Colony1_872Rep6,3,84.68,224.247423,,
Unbalanced,Unbalanced_Colony06,16_01_2022,Colony1_872Rep6,4,137.26,373.064059,,
Unbalanced,Unbalanced_Colony06,16_01_2022,Colony1_872Rep6,5,66.08,126.202168,,
Unbalanced,Unbalanced_Colony06,16_01_2022,Colony1_872Rep6,6,140.74,311.313133,,
Unbalanced,Unbalanced_Colony06,16_01_2022,Colony1_872Rep6,7,58.64,76.007271,,
Unbalanced,Unbalanced_Colony06,16_01_2022,Colony1_872Rep6,8,118.74,207.945881,,
Unbalanced,Unbalanced_Colony07,17_02_2022,Colony2_809Rep1,1,139.74,386.666975,,
Unbalanced,Unbalanced_Colony07,17_02_2022,Colony2_809Rep1,2,113.54,167.34051,,
Unbalanced,Unbalanced_Colony07,17_02_2022,Colony2_809Rep1,3,235.74,678.047852,,
Unbalanced,Unbalanced_Colony07,17_02_2022,Colony2_809Rep1,4,268.98,773.617694,,
Unbalanced,Unbalanced_Colony07,17_02_2022,Colony2_809Rep1,5,116.46,288.969803,,
Unbalanced,Unbalanced_Colony07,17_02_2022,Colony2_809Rep1,6,98.4,196.277505,,
Unbalanced,Unbalanced_Colony07,17_02_2022,Colony2_809Rep1,7,181.72,448.159475,,
Unbalanced,Unbalanced_Colony07,17_02_2022,Colony2_809Rep1,8,125.78,332.589602,,
Unbalanced,Unbalanced_Colony07,17_02_2022,Colony2_809Rep2,1,163.36,227.208107,,
Unbalanced,Unbalanced_Colony07,17_02_2022,Colony2_809Rep2,2,191.64,367.180372,,
Unbalanced,Unbalanced_Colony07,17_02_2022,Colony2_809Rep2,3,97.92,83.835728,,
Unbalanced,Unbalanced_Colony07,17_02_2022,Colony2_809Rep2,4,88.74,104.98799,,
Unbalanced,Unbalanced_Colony07,17_02_2022,Colony2_809Rep2,5,83.86,81.686846,,
Unbalanced,Unbalanced_Colony07,17_02_2022,Colony2_809Rep2,6,111.18,253.862252,,
Unbalanced,Unbalanced_Colony07,17_02_2022,Colony2_809Rep2,7,83.66,98.74241,,
Unbalanced,Unbalanced_Colony07,17_02_2022,Colony2_809Rep2,8,69.64,101.966955,,
Unbalanced,Unbalanced_Colony07,21_02_2022,Colony2_809Rep3,1,158.34,263.507442,,
Unbalanced,Unbalanced_Colony07,21_02_2022,Colony2_809Rep3,2,103.7,96.346892,,
Unbalanced,Unbalanced_Colony07,21_02_2022,Colony2_809Rep3,3,102.88,139.285115,,
Unbalanced,Unbalanced_Colony07,21_02_2022,Colony2_809Rep3,4,102.04,109.057131,,
Unbalanced,Unbalanced_Colony07,21_02_2022,Colony2_809Rep3,5,128.62,280.960048,,
Unbalanced,Unbalanced_Colony07,21_02_2022,Colony2_809Rep3,6,179.72,464.893004,,
Unbalanced,Unbalanced_Colony07,21_02_2022,Colony2_809Rep3,7,108.84,182.575884,,
Unbalanced,Unbalanced_Colony07,21_02_2022,Colony2_809Rep3,8,118.42,165.957774,,
Unbalanced,Unbalanced_Colony07,21_02_2022,Colony2_809Rep4,1,145.52,329.389155,,
Unbalanced,Unbalanced_Colony07,21_02_2022,Colony2_809Rep4,2,157.42,310.536756,,
Unbalanced,Unbalanced_Colony07,21_02_2022,Colony2_809Rep4,3,118.72,154.16994,,
Unbalanced,Unbalanced_Colony07,21_02_2022,Colony2_809Rep4,4,281.42,683.112392,,
Unbalanced,Unbalanced_Colony07,21_02_2022,Colony2_809Rep4,5,115.26,181.72078,,
Unbalanced,Unbalanced_Colony07,21_02_2022,Colony2_809Rep4,6,91.52,176.78934,,
Unbalanced,Unbalanced_Colony07,21_02_2022,Colony2_809Rep4,7,128.12,294.229368,,
Unbalanced,Unbalanced_Colony07,21_02_2022,Colony2_809Rep4,8,121.74,285.754918,,
Unbalanced,Unbalanced_Colony07,23_02_2022,Colony2_809Rep5,1,181.46,288.089773,,
Unbalanced,Unbalanced_Colony07,23_02_2022,Colony2_809Rep5,2,172.86,328.334862,,
Unbalanced,Unbalanced_Colony07,23_02_2022,Colony2_809Rep5,3,93.3,137.281539,,
Unbalanced,Unbalanced_Colony07,23_02_2022,Colony2_809Rep5,4,105.72,140.446055,,
Unbalanced,Unbalanced_Colony07,23_02_2022,Colony2_809Rep5,5,80.42,118.146018,,
Unbalanced,Unbalanced_Colony07,23_02_2022,Colony2_809Rep5,6,106.9,190.932622,,
Unbalanced,Unbalanced_Colony07,23_02_2022,Colony2_809Rep5,7,131.48,203.638331,,
Unbalanced,Unbalanced_Colony07,23_02_2022,Colony2_809Rep5,8,106.42,214.086589,,
Unbalanced,Unbalanced_Colony07,24_02_2022,Colony2_809Rep6,1,180.24,382.214898,,
Unbalanced,Unbalanced_Colony07,24_02_2022,Colony2_809Rep6,2,128.52,284.666431,,
Unbalanced,Unbalanced_Colony07,24_02_2022,Colony2_809Rep6,3,105.02,115.470439,,
Unbalanced,Unbalanced_Colony07,24_02_2022,Colony2_809Rep6,4,94.7,189.101596,,
Unbalanced,Unbalanced_Colony07,24_02_2022,Colony2_809Rep6,5,92.9,186.006643,,
Unbalanced,Unbalanced_Colony07,24_02_2022,Colony2_809Rep6,6,92.72,195.877225,,
Unbalanced,Unbalanced_Colony07,24_02_2022,Colony2_809Rep6,7,114.14,245.966465,,
Unbalanced,Unbalanced_Colony07,24_02_2022,Colony2_809Rep6,8,95.46,134.476922,,
Unbalanced,Unbalanced_Colony08,12_04_2022,Colony3_879Rep1,1,134.9,318.020794,,
Unbalanced,Unbalanced_Colony08,12_04_2022,Colony3_879Rep1,2,295.58,315.495092,,
Unbalanced,Unbalanced_Colony08,12_04_2022,Colony3_879Rep1,3,163.66,185.492856,,
Unbalanced,Unbalanced_Colony08,12_04_2022,Colony3_879Rep1,4,136.14,111.857824,,
Unbalanced,Unbalanced_Colony08,12_04_2022,Colony3_879Rep1,5,114.6,190.31535,,
Unbalanced,Unbalanced_Colony08,12_04_2022,Colony3_879Rep1,6,164.24,296.889789,,
Unbalanced,Unbalanced_Colony08,12_04_2022,Colony3_879Rep1,7,112.42,211.976121,,
Unbalanced,Unbalanced_Colony08,12_04_2022,Colony3_879Rep1,8,105.76,143.797958,,
Unbalanced,Unbalanced_Colony08,13_04_2022,Colony3_879Rep2,1,200.72,394.094034,,
Unbalanced,Unbalanced_Colony08,13_04_2022,Colony3_879Rep2,2,149.3,263.969553,,
Unbalanced,Unbalanced_Colony08,13_04_2022,Colony3_879Rep2,3,171.1,465.775786,,
Unbalanced,Unbalanced_Colony08,13_04_2022,Colony3_879Rep2,4,92.06,126.11792,,
Unbalanced,Unbalanced_Colony08,13_04_2022,Colony3_879Rep2,5,95.84,90.394385,,
Unbalanced,Unbalanced_Colony08,13_04_2022,Colony3_879Rep2,6,83.36,75.25661,,
Unbalanced,Unbalanced_Colony08,13_04_2022,Colony3_879Rep2,7,141.08,218.174044,,
Unbalanced,Unbalanced_Colony08,13_04_2022,Colony3_879Rep2,8,83.22,102.686652,,
Unbalanced,Unbalanced_Colony08,14_04_2022,Colony3_879Rep3,1,198.78,169.939726,,
Unbalanced,Unbalanced_Colony08,14_04_2022,Colony3_879Rep3,2,196.6,224.048414,,
Unbalanced,Unbalanced_Colony08,14_04_2022,Colony3_879Rep3,3,178.22,167.450283,,
Unbalanced,Unbalanced_Colony08,14_04_2022,Colony3_879Rep3,4,159.8,181.585668,,
Unbalanced,Unbalanced_Colony08,14_04_2022,Colony3_879Rep3,5,129.76,105.316805,,
Unbalanced,Unbalanced_Colony08,14_04_2022,Colony3_879Rep3,6,151.44,213.183148,,
Unbalanced,Unbalanced_Colony08,14_04_2022,Colony3_879Rep3,7,237.56,379.787389,,
Unbalanced,Unbalanced_Colony08,14_04_2022,Colony3_879Rep3,8,206.02,269.961019,,
Unbalanced,Unbalanced_Colony08,17_04_2022,Colony3_879Rep4,1,131.4,153.876464,,
Unbalanced,Unbalanced_Colony08,17_04_2022,Colony3_879Rep4,2,115.82,90.048077,,
Unbalanced,Unbalanced_Colony08,17_04_2022,Colony3_879Rep4,3,158.06,206.869679,,
Unbalanced,Unbalanced_Colony08,17_04_2022,Colony3_879Rep4,4,128.58,137.271472,,
Unbalanced,Unbalanced_Colony08,17_04_2022,Colony3_879Rep4,5,144.6,212.787873,,
Unbalanced,Unbalanced_Colony08,17_04_2022,Colony3_879Rep4,6,160.26,409.168278,,
Unbalanced,Unbalanced_Colony08,17_04_2022,Colony3_879Rep4,7,156.44,223.065021,,
Unbalanced,Unbalanced_Colony08,17_04_2022,Colony3_879Rep4,8,90.1,153.36996,,
Unbalanced,Unbalanced_Colony08,17_04_2022,Colony3_879Rep5,1,252.42,272.308952,,
Unbalanced,Unbalanced_Colony08,17_04_2022,Colony3_879Rep5,2,252.04,254.695859,,
Unbalanced,Unbalanced_Colony08,17_04_2022,Colony3_879Rep5,3,273.02,341.725321,,
Unbalanced,Unbalanced_Colony08,17_04_2022,Colony3_879Rep5,4,175.8,120.10346,,
Unbalanced,Unbalanced_Colony08,17_04_2022,Colony3_879Rep5,5,252.16,303.011287,,
Unbalanced,Unbalanced_Colony08,17_04_2022,Colony3_879Rep5,6,143.88,107.126183,,
Unbalanced,Unbalanced_Colony08,17_04_2022,Colony3_879Rep5,7,142.08,178.937233,,
Unbalanced,Unbalanced_Colony08,17_04_2022,Colony3_879Rep5,8,263.52,307.6467,,
Unbalanced,Unbalanced_Colony08,19_04_2022,Colony3_879Rep6,1,149.3,366.332658,,
Unbalanced,Unbalanced_Colony08,19_04_2022,Colony3_879Rep6,2,157.68,349.67196,,
Unbalanced,Unbalanced_Colony08,19_04_2022,Colony3_879Rep6,3,146.9,414.817116,,
Unbalanced,Unbalanced_Colony08,19_04_2022,Colony3_879Rep6,4,91.38,209.566101,,
Unbalanced,Unbalanced_Colony08,19_04_2022,Colony3_879Rep6,5,132,356.545052,,
Unbalanced,Unbalanced_Colony08,19_04_2022,Colony3_879Rep6,6,186.44,481.313445,,
Unbalanced,Unbalanced_Colony08,19_04_2022,Colony3_879Rep6,7,174.96,521.764282,,
Unbalanced,Unbalanced_Colony08,19_04_2022,Colony3_879Rep6,8,117.72,313.567317,,
Unbalanced,Unbalanced_Colony09,10_05_2022,Colony4_816Rep1,1,166.22,441.630048,,
Unbalanced,Unbalanced_Colony09,10_05_2022,Colony4_816Rep1,2,97.5,186.761908,,
Unbalanced,Unbalanced_Colony09,10_05_2022,Colony4_816Rep1,3,161.82,437.989511,,
Unbalanced,Unbalanced_Colony09,10_05_2022,Colony4_816Rep1,4,162.64,517.852384,,
Unbalanced,Unbalanced_Colony09,10_05_2022,Colony4_816Rep1,5,72.18,165.259492,,
Unbalanced,Unbalanced_Colony09,10_05_2022,Colony4_816Rep1,6,142.68,425.675416,,
Unbalanced,Unbalanced_Colony09,10_05_2022,Colony4_816Rep1,7,74.88,193.645176,,
Unbalanced,Unbalanced_Colony09,10_05_2022,Colony4_816Rep1,8,90.36,194.311118,,
Unbalanced,Unbalanced_Colony09,11_05_2022,Colony4_816Rep2,1,146.8,351.791509,,
Unbalanced,Unbalanced_Colony09,11_05_2022,Colony4_816Rep2,2,101.4,212.18022,,
Unbalanced,Unbalanced_Colony09,11_05_2022,Colony4_816Rep2,3,90.78,244.172696,,
Unbalanced,Unbalanced_Colony09,11_05_2022,Colony4_816Rep2,4,117.28,406.808151,,
Unbalanced,Unbalanced_Colony09,11_05_2022,Colony4_816Rep2,5,99.7,317.214829,,
Unbalanced,Unbalanced_Colony09,11_05_2022,Colony4_816Rep2,6,66.04,120.046312,,
Unbalanced,Unbalanced_Colony09,11_05_2022,Colony4_816Rep2,7,115.04,352.960927,,
Unbalanced,Unbalanced_Colony09,11_05_2022,Colony4_816Rep2,8,89.98,234.565866,,
Unbalanced,Unbalanced_Colony09,11_05_2022,Colony4_816Rep3,1,249.88,552.314132,,
Unbalanced,Unbalanced_Colony09,11_05_2022,Colony4_816Rep3,2,138.04,348.190514,,
Unbalanced,Unbalanced_Colony09,11_05_2022,Colony4_816Rep3,3,149.7,410.092354,,
Unbalanced,Unbalanced_Colony09,11_05_2022,Colony4_816Rep3,4,94.36,278.617412,,
Unbalanced,Unbalanced_Colony09,11_05_2022,Colony4_816Rep3,5,110.88,332.084534,,
Unbalanced,Unbalanced_Colony09,11_05_2022,Colony4_816Rep3,6,120.06,344.800723,,
Unbalanced,Unbalanced_Colony09,11_05_2022,Colony4_816Rep3,7,72.7,183.787524,,
Unbalanced,Unbalanced_Colony09,11_05_2022,Colony4_816Rep3,8,179.84,618.068304,,
Unbalanced,Unbalanced_Colony09,11_05_2022,Colony4_816Rep4,1,167.1,568.746783,,
Unbalanced,Unbalanced_Colony09,11_05_2022,Colony4_816Rep4,2,112.68,338.535091,,Only 7 arms
Unbalanced,Unbalanced_Colony09,11_05_2022,Colony4_816Rep4,3,108.14,402.732813,,
Unbalanced,Unbalanced_Colony09,11_05_2022,Colony4_816Rep4,4,83.2,228.418367,,
Unbalanced,Unbalanced_Colony09,11_05_2022,Colony4_816Rep4,5,102.94,359.559893,,
Unbalanced,Unbalanced_Colony09,11_05_2022,Colony4_816Rep4,6,73.94,195.469918,,
Unbalanced,Unbalanced_Colony09,11_05_2022,Colony4_816Rep4,7,113.64,375.515641,,
Unbalanced,Unbalanced_Colony09,11_05_2022,Colony4_816Rep4,8,110.96,440.833249,,
Unbalanced,Unbalanced_Colony09,12_05_2022,Colony4_816Rep5,1,115.24,226.097823,,
Unbalanced,Unbalanced_Colony09,12_05_2022,Colony4_816Rep5,2,91.7,200.460718,,
Unbalanced,Unbalanced_Colony09,12_05_2022,Colony4_816Rep5,3,137.04,277.209579,,
Unbalanced,Unbalanced_Colony09,12_05_2022,Colony4_816Rep5,4,113.88,395.643459,,
Unbalanced,Unbalanced_Colony09,12_05_2022,Colony4_816Rep5,5,146,,,
Unbalanced,Unbalanced_Colony09,12_05_2022,Colony4_816Rep5,6,84.6,215.42424,,
Unbalanced,Unbalanced_Colony09,12_05_2022,Colony4_816Rep5,7,138.08,331.727258,,
Unbalanced,Unbalanced_Colony09,12_05_2022,Colony4_816Rep5,8,116.64,310.014983,,
Unbalanced,Unbalanced_Colony09,12_05_2022,Colony4_816Rep6,1,100.96,203.909338,,
Unbalanced,Unbalanced_Colony09,12_05_2022,Colony4_816Rep6,2,141.22,407.665471,,
Unbalanced,Unbalanced_Colony09,12_05_2022,Colony4_816Rep6,3,145.2,459.747319,,
Unbalanced,Unbalanced_Colony09,12_05_2022,Colony4_816Rep6,4,119.26,321.374194,,
Unbalanced,Unbalanced_Colony09,12_05_2022,Colony4_816Rep6,5,77.16,200.141167,,
Unbalanced,Unbalanced_Colony09,12_05_2022,Colony4_816Rep6,6,95.54,291.19343,,
Unbalanced,Unbalanced_Colony09,12_05_2022,Colony4_816Rep6,7,111.66,287.294425,,
Unbalanced,Unbalanced_Colony09,12_05_2022,Colony4_816Rep6,8,174.08,663.323103,,
Unbalanced,Unbalanced_Colony10,15_06_2022,Colony5_62Rep1,1,144.22,460.514909,,
Unbalanced,Unbalanced_Colony10,15_06_2022,Colony5_62Rep1,2,71.2,187.913206,,
Unbalanced,Unbalanced_Colony10,15_06_2022,Colony5_62Rep1,3,116.46,315.012947,,
Unbalanced,Unbalanced_Colony10,15_06_2022,Colony5_62Rep1,4,59.84,170.179057,,
Unbalanced,Unbalanced_Colony10,15_06_2022,Colony5_62Rep1,5,114.28,394.835427,,
Unbalanced,Unbalanced_Colony10,15_06_2022,Colony5_62Rep1,6,135.74,484.49457,,
Unbalanced,Unbalanced_Colony10,15_06_2022,Colony5_62Rep1,7,82.52,211.078215,,
Unbalanced,Unbalanced_Colony10,15_06_2022,Colony5_62Rep1,8,82.26,117.276395,,
Unbalanced,Unbalanced_Colony10,17_06_2022,Colony5_62Rep2,1,156.14,293.194794,,
Unbalanced,Unbalanced_Colony10,17_06_2022,Colony5_62Rep2,2,83.94,141.350348,,
Unbalanced,Unbalanced_Colony10,17_06_2022,Colony5_62Rep2,3,86,102.972624,,
Unbalanced,Unbalanced_Colony10,17_06_2022,Colony5_62Rep2,4,80,115.228202,,
Unbalanced,Unbalanced_Colony10,17_06_2022,Colony5_62Rep2,5,72.44,141.90689,,
Unbalanced,Unbalanced_Colony10,17_06_2022,Colony5_62Rep2,6,85.24,161.201319,,
Unbalanced,Unbalanced_Colony10,17_06_2022,Colony5_62Rep2,7,84.64,155.923642,,
Unbalanced,Unbalanced_Colony10,17_06_2022,Colony5_62Rep2,8,84.72,87.375572,,
Unbalanced,Unbalanced_Colony10,17_06_2022,Colony5_62Rep3,1,238.3,744.580989,,
Unbalanced,Unbalanced_Colony10,17_06_2022,Colony5_62Rep3,2,73.62,87.375093,,
Unbalanced,Unbalanced_Colony10,17_06_2022,Colony5_62Rep3,3,159.44,478.10221,,
Unbalanced,Unbalanced_Colony10,17_06_2022,Colony5_62Rep3,4,86.22,167.843815,,
Unbalanced,Unbalanced_Colony10,17_06_2022,Colony5_62Rep3,5,115.36,215.084095,,
Unbalanced,Unbalanced_Colony10,17_06_2022,Colony5_62Rep3,6,126.92,274.35625,,
Unbalanced,Unbalanced_Colony10,17_06_2022,Colony5_62Rep3,7,137.86,319.021339,,
Unbalanced,Unbalanced_Colony10,17_06_2022,Colony5_62Rep3,8,198.54,558.063875,,
Unbalanced,Unbalanced_Colony10,20_06_2022,Colony5_62Rep4,1,226.38,642.536234,,
Unbalanced,Unbalanced_Colony10,20_06_2022,Colony5_62Rep4,2,104.32,211.160044,,
Unbalanced,Unbalanced_Colony10,20_06_2022,Colony5_62Rep4,3,100.88,283.410448,,
Unbalanced,Unbalanced_Colony10,20_06_2022,Colony5_62Rep4,4,134.84,309.733193,,
Unbalanced,Unbalanced_Colony10,20_06_2022,Colony5_62Rep4,5,99.9,158.785431,,
Unbalanced,Unbalanced_Colony10,20_06_2022,Colony5_62Rep4,6,90.24,153.23107,,
Unbalanced,Unbalanced_Colony10,20_06_2022,Colony5_62Rep4,7,99.98,196.06131,,
Unbalanced,Unbalanced_Colony10,20_06_2022,Colony5_62Rep4,8,265.6,643.863734,,
Unbalanced,Unbalanced_Colony10,21_06_2022,Colony5_62Rep5,1,141.1,273.803014,,
Unbalanced,Unbalanced_Colony10,21_06_2022,Colony5_62Rep5,2,200.5,600.103534,,
Unbalanced,Unbalanced_Colony10,21_06_2022,Colony5_62Rep5,3,142,379.445963,,
Unbalanced,Unbalanced_Colony10,21_06_2022,Colony5_62Rep5,4,106.74,298.260074,,
Unbalanced,Unbalanced_Colony10,21_06_2022,Colony5_62Rep5,5,143,411.243863,,
Unbalanced,Unbalanced_Colony10,21_06_2022,Colony5_62Rep5,6,89.66,146.540455,,
Unbalanced,Unbalanced_Colony10,21_06_2022,Colony5_62Rep5,7,112.74,290.842377,,
Unbalanced,Unbalanced_Colony10,21_06_2022,Colony5_62Rep5,8,105.36,223.511875,,
Unbalanced,Unbalanced_Colony10,21_06_2022,Colony5_62Rep6,1,196.84,667.799279,,
Unbalanced,Unbalanced_Colony10,21_06_2022,Colony5_62Rep6,2,137.18,258.921644,,
Unbalanced,Unbalanced_Colony10,21_06_2022,Colony5_62Rep6,3,122.68,287.4346,,
Unbalanced,Unbalanced_Colony10,21_06_2022,Colony5_62Rep6,4,118.38,283.01799,,
Unbalanced,Unbalanced_Colony10,21_06_2022,Colony5_62Rep6,5,155.96,285.190299,,
Unbalanced,Unbalanced_Colony10,21_06_2022,Colony5_62Rep6,6,108.42,160.518189,,
Unbalanced,Unbalanced_Colony10,21_06_2022,Colony5_62Rep6,7,120.28,280.574621,,
Unbalanced,Unbalanced_Colony10,21_06_2022,Colony5_62Rep6,8,95.92,227.570241,,
