Treatment,Colony,BeeID,Trial,Num not reach feeder 9,Num reach feeder 9,NumDistinctArms
Balanced,Balanced_Colony01,1Rep1,1,2,24,8
Balanced,Balanced_Colony01,1Rep1,2,3,18,7
Balanced,Balanced_Colony01,1Rep1,3,1,12,8
Balanced,Balanced_Colony01,1Rep1,4,2,12,8
Balanced,Balanced_Colony01,1Rep1,5,0,16,8
Balanced,Balanced_Colony01,1Rep1,6,1,17,8
Balanced,Balanced_Colony01,1Rep1,7,2,11,8
Balanced,Balanced_Colony01,1Rep1,8,2,13,8
Balanced,Balanced_Colony01,1Rep2,1,5,21,8
Balanced,Balanced_Colony01,1Rep2,2,3,17,8
Balanced,Balanced_Colony01,1Rep2,3,4,18,8
Balanced,Balanced_Colony01,1Rep2,4,1,12,8
Balanced,Balanced_Colony01,1Rep2,5,1,15,8
Balanced,Balanced_Colony01,1Rep2,6,5,21,8
Balanced,Balanced_Colony01,1Rep2,7,0,10,8
Balanced,Balanced_Colony01,1Rep2,8,0,8,8
Balanced,Balanced_Colony01,1Rep3,1,1,21,8
Balanced,Balanced_Colony01,1Rep3,2,3,23,8
Balanced,Balanced_Colony01,1Rep3,3,4,30,8
Balanced,Balanced_Colony01,1Rep3,4,6,20,8
Balanced,Balanced_Colony01,1Rep3,5,1,13,8
Balanced,Balanced_Colony01,1Rep3,6,3,13,8
Balanced,Balanced_Colony01,1Rep3,7,2,16,8
Balanced,Balanced_Colony01,1Rep3,8,1,15,8
Balanced,Balanced_Colony01,1Rep4,1,6,20,8
Balanced,Balanced_Colony01,1Rep4,2,2,18,8
Balanced,Balanced_Colony01,1Rep4,3,2,10,8
Balanced,Balanced_Colony01,1Rep4,4,6,10,8
Balanced,Balanced_Colony01,1Rep4,5,2,10,8
Balanced,Balanced_Colony01,1Rep4,6,4,18,8
Balanced,Balanced_Colony01,1Rep4,7,3,18,8
Balanced,Balanced_Colony01,1Rep4,8,1,9,8
Balanced,Balanced_Colony01,1Rep5,1,11,22,8
Balanced,Balanced_Colony01,1Rep5,2,5,23,8
Balanced,Balanced_Colony01,1Rep5,3,2,11,8
Balanced,Balanced_Colony01,1Rep5,4,5,9,8
Balanced,Balanced_Colony01,1Rep5,5,5,16,8
Balanced,Balanced_Colony01,1Rep5,6,2,16,8
Balanced,Balanced_Colony01,1Rep5,7,4,16,8
Balanced,Balanced_Colony01,1Rep5,8,4,16,8
Balanced,Balanced_Colony01,1Rep6,1,7,15,8
Balanced,Balanced_Colony01,1Rep6,2,1,14,8
Balanced,Balanced_Colony01,1Rep6,3,2,15,7
Balanced,Balanced_Colony01,1Rep6,4,6,26,8
Balanced,Balanced_Colony01,1Rep6,5,2,12,8
Balanced,Balanced_Colony01,1Rep6,6,1,8,8
Balanced,Balanced_Colony01,1Rep6,7,4,20,8
Balanced,Balanced_Colony01,1Rep6,8,3,15,8
Balanced,Balanced_Colony02,2Rep1,1,2,17,8
Balanced,Balanced_Colony02,2Rep1,2,4,12,8
Balanced,Balanced_Colony02,2Rep1,3,1,11,8
Balanced,Balanced_Colony02,2Rep1,4,5,21,8
Balanced,Balanced_Colony02,2Rep1,5,3,14,8
Balanced,Balanced_Colony02,2Rep1,6,0,11,8
Balanced,Balanced_Colony02,2Rep1,7,1,11,8
Balanced,Balanced_Colony02,2Rep1,8,1,13,8
Balanced,Balanced_Colony02,2Rep2,1,1,12,8
Balanced,Balanced_Colony02,2Rep2,2,3,21,8
Balanced,Balanced_Colony02,2Rep2,3,0,15,8
Balanced,Balanced_Colony02,2Rep2,4,0,13,8
Balanced,Balanced_Colony02,2Rep2,5,1,12,8
Balanced,Balanced_Colony02,2Rep2,6,0,15,8
Balanced,Balanced_Colony02,2Rep2,7,0,10,8
Balanced,Balanced_Colony02,2Rep2,8,0,10,8
Balanced,Balanced_Colony02,2Rep3,1,0,22,8
Balanced,Balanced_Colony02,2Rep3,2,1,15,8
Balanced,Balanced_Colony02,2Rep3,3,1,15,8
Balanced,Balanced_Colony02,2Rep3,4,0,12,8
Balanced,Balanced_Colony02,2Rep3,5,2,19,8
Balanced,Balanced_Colony02,2Rep3,6,0,16,8
Balanced,Balanced_Colony02,2Rep3,7,1,9,8
Balanced,Balanced_Colony02,2Rep3,8,0,19,8
Balanced,Balanced_Colony02,2Rep4,1,1,17,8
Balanced,Balanced_Colony02,2Rep4,2,1,15,8
Balanced,Balanced_Colony02,2Rep4,3,0,16,8
Balanced,Balanced_Colony02,2Rep4,4,1,18,8
Balanced,Balanced_Colony02,2Rep4,5,0,11,8
Balanced,Balanced_Colony02,2Rep4,6,0,14,8
Balanced,Balanced_Colony02,2Rep4,7,0,21,8
Balanced,Balanced_Colony02,2Rep4,8,0,20,8
Balanced,Balanced_Colony02,2Rep5,1,0,18,8
Balanced,Balanced_Colony02,2Rep5,2,2,25,8
Balanced,Balanced_Colony02,2Rep5,3,0,12,8
Balanced,Balanced_Colony02,2Rep5,4,2,19,8
Balanced,Balanced_Colony02,2Rep5,5,4,22,8
Balanced,Balanced_Colony02,2Rep5,6,1,22,8
Balanced,Balanced_Colony02,2Rep5,7,0,12,8
Balanced,Balanced_Colony02,2Rep5,8,1,23,8
Balanced,Balanced_Colony02,2Rep6,1,0,14,8
Balanced,Balanced_Colony02,2Rep6,2,1,17,8
Balanced,Balanced_Colony02,2Rep6,3,0,16,8
Balanced,Balanced_Colony02,2Rep6,4,5,12,8
Balanced,Balanced_Colony02,2Rep6,5,2,15,8
Balanced,Balanced_Colony02,2Rep6,6,0,11,8
Balanced,Balanced_Colony02,2Rep6,7,3,24,8
Balanced,Balanced_Colony02,2Rep6,8,1,17,8
Balanced,Balanced_Colony03,3Rep1,1,0,13,8
Balanced,Balanced_Colony03,3Rep1,2,1,9,8
Balanced,Balanced_Colony03,3Rep1,3,0,26,8
Balanced,Balanced_Colony03,3Rep1,4,4,17,8
Balanced,Balanced_Colony03,3Rep1,5,4,37,8
Balanced,Balanced_Colony03,3Rep1,6,1,22,8
Balanced,Balanced_Colony03,3Rep1,7,2,16,8
Balanced,Balanced_Colony03,3Rep1,8,5,23,8
Balanced,Balanced_Colony03,3Rep2,1,2,24,8
Balanced,Balanced_Colony03,3Rep2,2,1,9,8
Balanced,Balanced_Colony03,3Rep2,3,1,17,8
Balanced,Balanced_Colony03,3Rep2,4,0,8,8
Balanced,Balanced_Colony03,3Rep2,5,1,17,8
Balanced,Balanced_Colony03,3Rep2,6,1,20,8
Balanced,Balanced_Colony03,3Rep2,7,6,31,8
Balanced,Balanced_Colony03,3Rep2,8,5,8,8
Balanced,Balanced_Colony03,3Rep3,1,1,17,8
Balanced,Balanced_Colony03,3Rep3,2,0,18,8
Balanced,Balanced_Colony03,3Rep3,3,0,11,8
Balanced,Balanced_Colony03,3Rep3,4,0,16,8
Balanced,Balanced_Colony03,3Rep3,5,0,28,8
Balanced,Balanced_Colony03,3Rep3,6,1,27,8
Balanced,Balanced_Colony03,3Rep3,7,1,14,8
Balanced,Balanced_Colony03,3Rep3,8,2,11,8
Balanced,Balanced_Colony03,3Rep4,1,2,28,8
Balanced,Balanced_Colony03,3Rep4,2,1,16,8
Balanced,Balanced_Colony03,3Rep4,3,2,26,8
Balanced,Balanced_Colony03,3Rep4,4,1,16,8
Balanced,Balanced_Colony03,3Rep4,5,1,14,8
Balanced,Balanced_Colony03,3Rep4,6,3,15,8
Balanced,Balanced_Colony03,3Rep4,7,3,17,8
Balanced,Balanced_Colony03,3Rep4,8,1,11,8
Balanced,Balanced_Colony03,3Rep5,1,0,10,8
Balanced,Balanced_Colony03,3Rep5,2,0,22,8
Balanced,Balanced_Colony03,3Rep5,3,0,19,8
Balanced,Balanced_Colony03,3Rep5,4,0,17,8
Balanced,Balanced_Colony03,3Rep5,5,1,17,8
Balanced,Balanced_Colony03,3Rep5,6,3,30,8
Balanced,Balanced_Colony03,3Rep5,7,1,19,8
Balanced,Balanced_Colony03,3Rep5,8,1,11,8
Balanced,Balanced_Colony03,3Rep6,1,2,10,8
Balanced,Balanced_Colony03,3Rep6,2,3,22,8
Balanced,Balanced_Colony03,3Rep6,3,0,12,8
Balanced,Balanced_Colony03,3Rep6,4,0,16,8
Balanced,Balanced_Colony03,3Rep6,5,4,12,8
Balanced,Balanced_Colony03,3Rep6,6,0,8,8
Balanced,Balanced_Colony03,3Rep6,7,1,11,8
Balanced,Balanced_Colony03,3Rep6,8,8,13,8
Balanced,Balanced_Colony04,4Rep1,1,2,24,8
Balanced,Balanced_Colony04,4Rep1,2,2,22,8
Balanced,Balanced_Colony04,4Rep1,3,4,32,8
Balanced,Balanced_Colony04,4Rep1,4,0,36,8
Balanced,Balanced_Colony04,4Rep1,5,3,14,8
Balanced,Balanced_Colony04,4Rep1,6,1,13,8
Balanced,Balanced_Colony04,4Rep1,7,4,12,8
Balanced,Balanced_Colony04,4Rep1,8,9,13,8
Balanced,Balanced_Colony04,4Rep2,1,0,25,8
Balanced,Balanced_Colony04,4Rep2,2,0,21,8
Balanced,Balanced_Colony04,4Rep2,3,0,28,8
Balanced,Balanced_Colony04,4Rep2,4,0,10,8
Balanced,Balanced_Colony04,4Rep2,5,0,11,8
Balanced,Balanced_Colony04,4Rep2,6,0,8,8
Balanced,Balanced_Colony04,4Rep2,7,0,9,8
Balanced,Balanced_Colony04,4Rep2,8,0,10,8
Balanced,Balanced_Colony04,4Rep3,1,0,16,8
Balanced,Balanced_Colony04,4Rep3,2,1,11,8
Balanced,Balanced_Colony04,4Rep3,3,0,11,8
Balanced,Balanced_Colony04,4Rep3,4,0,26,8
Balanced,Balanced_Colony04,4Rep3,5,0,12,8
Balanced,Balanced_Colony04,4Rep3,6,0,13,8
Balanced,Balanced_Colony04,4Rep3,7,0,16,8
Balanced,Balanced_Colony04,4Rep3,8,0,10,8
Balanced,Balanced_Colony04,4Rep4,1,0,16,8
Balanced,Balanced_Colony04,4Rep4,2,1,39,8
Balanced,Balanced_Colony04,4Rep4,3,2,27,8
Balanced,Balanced_Colony04,4Rep4,4,3,20,8
Balanced,Balanced_Colony04,4Rep4,5,4,12,8
Balanced,Balanced_Colony04,4Rep4,6,0,11,8
Balanced,Balanced_Colony04,4Rep4,7,0,30,8
Balanced,Balanced_Colony04,4Rep4,8,0,24,8
Balanced,Balanced_Colony04,4Rep5,1,0,26,8
Balanced,Balanced_Colony04,4Rep5,2,1,21,8
Balanced,Balanced_Colony04,4Rep5,3,0,13,8
Balanced,Balanced_Colony04,4Rep5,4,0,15,8
Balanced,Balanced_Colony04,4Rep5,5,0,12,8
Balanced,Balanced_Colony04,4Rep5,6,0,12,8
Balanced,Balanced_Colony04,4Rep5,7,1,19,8
Balanced,Balanced_Colony04,4Rep5,8,0,18,8
Balanced,Balanced_Colony04,4Rep6,1,0,13,8
Balanced,Balanced_Colony04,4Rep6,2,0,14,8
Balanced,Balanced_Colony04,4Rep6,3,0,32,8
Balanced,Balanced_Colony04,4Rep6,4,0,14,8
Balanced,Balanced_Colony04,4Rep6,5,0,17,8
Balanced,Balanced_Colony04,4Rep6,6,0,17,8
Balanced,Balanced_Colony04,4Rep6,7,0,19,8
Balanced,Balanced_Colony04,4Rep6,8,0,18,8
Balanced,Balanced_Colony05,5Rep1,1,0,19,8
Balanced,Balanced_Colony05,5Rep1,2,0,18,8
Balanced,Balanced_Colony05,5Rep1,3,2,27,8
Balanced,Balanced_Colony05,5Rep1,4,3,16,8
Balanced,Balanced_Colony05,5Rep1,5,1,13,8
Balanced,Balanced_Colony05,5Rep1,6,1,14,8
Balanced,Balanced_Colony05,5Rep1,7,2,18,8
Balanced,Balanced_Colony05,5Rep1,8,3,19,8
Balanced,Balanced_Colony05,5Rep2,1,0,15,8
Balanced,Balanced_Colony05,5Rep2,2,0,13,8
Balanced,Balanced_Colony05,5Rep2,3,0,14,8
Balanced,Balanced_Colony05,5Rep2,4,0,13,8
Balanced,Balanced_Colony05,5Rep2,5,1,25,8
Balanced,Balanced_Colony05,5Rep2,6,0,12,8
Balanced,Balanced_Colony05,5Rep2,7,0,14,8
Balanced,Balanced_Colony05,5Rep2,8,0,22,8
Balanced,Balanced_Colony05,5Rep3,1,0,52,8
Balanced,Balanced_Colony05,5Rep3,2,1,33,8
Balanced,Balanced_Colony05,5Rep3,3,0,27,8
Balanced,Balanced_Colony05,5Rep3,4,1,21,8
Balanced,Balanced_Colony05,5Rep3,5,0,15,8
Balanced,Balanced_Colony05,5Rep3,6,0,16,8
Balanced,Balanced_Colony05,5Rep3,7,1,19,8
Balanced,Balanced_Colony05,5Rep3,8,1,9,8
Balanced,Balanced_Colony05,5Rep4,1,0,12,8
Balanced,Balanced_Colony05,5Rep4,2,2,24,8
Balanced,Balanced_Colony05,5Rep4,3,0,15,8
Balanced,Balanced_Colony05,5Rep4,4,0,22,8
Balanced,Balanced_Colony05,5Rep4,5,9,16,8
Balanced,Balanced_Colony05,5Rep4,6,1,16,8
Balanced,Balanced_Colony05,5Rep4,7,1,14,8
Balanced,Balanced_Colony05,5Rep4,8,0,18,8
Balanced,Balanced_Colony05,5Rep5,1,0,10,8
Balanced,Balanced_Colony05,5Rep5,2,0,29,8
Balanced,Balanced_Colony05,5Rep5,3,8,19,8
Balanced,Balanced_Colony05,5Rep5,4,0,13,8
Balanced,Balanced_Colony05,5Rep5,5,1,13,8
Balanced,Balanced_Colony05,5Rep5,6,0,38,8
Balanced,Balanced_Colony05,5Rep5,7,0,16,8
Balanced,Balanced_Colony05,5Rep5,8,0,11,8
Balanced,Balanced_Colony05,5Rep6,1,0,22,8
Balanced,Balanced_Colony05,5Rep6,2,1,12,8
Balanced,Balanced_Colony05,5Rep6,3,0,15,8
Balanced,Balanced_Colony05,5Rep6,4,2,10,8
Balanced,Balanced_Colony05,5Rep6,5,0,11,8
Balanced,Balanced_Colony05,5Rep6,6,1,13,8
Balanced,Balanced_Colony05,5Rep6,7,0,15,8
Balanced,Balanced_Colony05,5Rep6,8,0,30,8
Unbalanced,Unbalanced_Colony06,6Rep1,1,1,15,8
Unbalanced,Unbalanced_Colony06,6Rep1,2,4,19,8
Unbalanced,Unbalanced_Colony06,6Rep1,3,2,23,8
Unbalanced,Unbalanced_Colony06,6Rep1,4,3,15,8
Unbalanced,Unbalanced_Colony06,6Rep1,5,1,17,8
Unbalanced,Unbalanced_Colony06,6Rep1,6,2,23,8
Unbalanced,Unbalanced_Colony06,6Rep1,7,1,28,8
Unbalanced,Unbalanced_Colony06,6Rep1,8,3,13,8
Unbalanced,Unbalanced_Colony06,6Rep2,1,1,26,8
Unbalanced,Unbalanced_Colony06,6Rep2,2,6,35,8
Unbalanced,Unbalanced_Colony06,6Rep2,3,1,19,8
Unbalanced,Unbalanced_Colony06,6Rep2,4,0,15,8
Unbalanced,Unbalanced_Colony06,6Rep2,5,1,18,8
Unbalanced,Unbalanced_Colony06,6Rep2,6,0,11,8
Unbalanced,Unbalanced_Colony06,6Rep2,7,1,17,8
Unbalanced,Unbalanced_Colony06,6Rep2,8,0,11,8
Unbalanced,Unbalanced_Colony06,6Rep3,1,2,40,8
Unbalanced,Unbalanced_Colony06,6Rep3,2,1,9,8
Unbalanced,Unbalanced_Colony06,6Rep3,3,0,10,8
Unbalanced,Unbalanced_Colony06,6Rep3,4,0,10,8
Unbalanced,Unbalanced_Colony06,6Rep3,5,4,56,8
Unbalanced,Unbalanced_Colony06,6Rep3,6,1,13,8
Unbalanced,Unbalanced_Colony06,6Rep3,7,0,12,8
Unbalanced,Unbalanced_Colony06,6Rep3,8,0,11,8
Unbalanced,Unbalanced_Colony06,6Rep4,1,0,15,8
Unbalanced,Unbalanced_Colony06,6Rep4,2,0,26,8
Unbalanced,Unbalanced_Colony06,6Rep4,3,4,27,8
Unbalanced,Unbalanced_Colony06,6Rep4,4,8,26,8
Unbalanced,Unbalanced_Colony06,6Rep4,5,3,16,8
Unbalanced,Unbalanced_Colony06,6Rep4,6,7,17,8
Unbalanced,Unbalanced_Colony06,6Rep4,7,9,29,8
Unbalanced,Unbalanced_Colony06,6Rep4,8,2,12,8
Unbalanced,Unbalanced_Colony06,6Rep5,1,2,15,8
Unbalanced,Unbalanced_Colony06,6Rep5,2,5,39,8
Unbalanced,Unbalanced_Colony06,6Rep5,3,2,17,8
Unbalanced,Unbalanced_Colony06,6Rep5,4,0,11,8
Unbalanced,Unbalanced_Colony06,6Rep5,5,0,12,8
Unbalanced,Unbalanced_Colony06,6Rep5,6,1,12,8
Unbalanced,Unbalanced_Colony06,6Rep5,7,3,18,8
Unbalanced,Unbalanced_Colony06,6Rep5,8,0,12,8
Unbalanced,Unbalanced_Colony06,6Rep6,1,1,27,8
Unbalanced,Unbalanced_Colony06,6Rep6,2,1,13,8
Unbalanced,Unbalanced_Colony06,6Rep6,3,0,16,8
Unbalanced,Unbalanced_Colony06,6Rep6,4,2,26,8
Unbalanced,Unbalanced_Colony06,6Rep6,5,0,11,8
Unbalanced,Unbalanced_Colony06,6Rep6,6,1,24,8
Unbalanced,Unbalanced_Colony06,6Rep6,7,0,8,8
Unbalanced,Unbalanced_Colony06,6Rep6,8,1,16,8
Unbalanced,Unbalanced_Colony07,7Rep1,1,1,23,8
Unbalanced,Unbalanced_Colony07,7Rep1,2,4,13,8
Unbalanced,Unbalanced_Colony07,7Rep1,3,0,42,8
Unbalanced,Unbalanced_Colony07,7Rep1,4,1,48,8
Unbalanced,Unbalanced_Colony07,7Rep1,5,0,19,8
Unbalanced,Unbalanced_Colony07,7Rep1,6,0,15,8
Unbalanced,Unbalanced_Colony07,7Rep1,7,0,31,8
Unbalanced,Unbalanced_Colony07,7Rep1,8,3,21,8
Unbalanced,Unbalanced_Colony07,7Rep2,1,2,19,8
Unbalanced,Unbalanced_Colony07,7Rep2,2,4,26,8
Unbalanced,Unbalanced_Colony07,7Rep2,3,0,10,8
Unbalanced,Unbalanced_Colony07,7Rep2,4,0,12,8
Unbalanced,Unbalanced_Colony07,7Rep2,5,1,9,8
Unbalanced,Unbalanced_Colony07,7Rep2,6,0,19,8
Unbalanced,Unbalanced_Colony07,7Rep2,7,2,10,8
Unbalanced,Unbalanced_Colony07,7Rep2,8,1,9,8
Unbalanced,Unbalanced_Colony07,7Rep3,1,2,17,8
Unbalanced,Unbalanced_Colony07,7Rep3,2,2,9,8
Unbalanced,Unbalanced_Colony07,7Rep3,3,0,12,8
Unbalanced,Unbalanced_Colony07,7Rep3,4,0,10,8
Unbalanced,Unbalanced_Colony07,7Rep3,5,2,18,8
Unbalanced,Unbalanced_Colony07,7Rep3,6,4,28,8
Unbalanced,Unbalanced_Colony07,7Rep3,7,4,11,8
Unbalanced,Unbalanced_Colony07,7Rep3,8,3,12,8
Unbalanced,Unbalanced_Colony07,7Rep4,1,9,18,8
Unbalanced,Unbalanced_Colony07,7Rep4,2,5,17,8
Unbalanced,Unbalanced_Colony07,7Rep4,3,2,10,8
Unbalanced,Unbalanced_Colony07,7Rep4,4,15,35,8
Unbalanced,Unbalanced_Colony07,7Rep4,5,0,14,8
Unbalanced,Unbalanced_Colony07,7Rep4,6,2,11,8
Unbalanced,Unbalanced_Colony07,7Rep4,7,4,18,8
Unbalanced,Unbalanced_Colony07,7Rep4,8,7,14,8
Unbalanced,Unbalanced_Colony07,7Rep5,1,9,21,8
Unbalanced,Unbalanced_Colony07,7Rep5,2,1,22,8
Unbalanced,Unbalanced_Colony07,7Rep5,3,0,10,8
Unbalanced,Unbalanced_Colony07,7Rep5,4,1,11,8
Unbalanced,Unbalanced_Colony07,7Rep5,5,1,9,8
Unbalanced,Unbalanced_Colony07,7Rep5,6,3,14,8
Unbalanced,Unbalanced_Colony07,7Rep5,7,6,14,8
Unbalanced,Unbalanced_Colony07,7Rep5,8,3,16,8
Unbalanced,Unbalanced_Colony07,7Rep6,1,2,25,8
Unbalanced,Unbalanced_Colony07,7Rep6,2,1,18,8
Unbalanced,Unbalanced_Colony07,7Rep6,3,0,10,8
Unbalanced,Unbalanced_Colony07,7Rep6,4,0,13,8
Unbalanced,Unbalanced_Colony07,7Rep6,5,0,13,8
Unbalanced,Unbalanced_Colony07,7Rep6,6,0,14,8
Unbalanced,Unbalanced_Colony07,7Rep6,7,0,17,8
Unbalanced,Unbalanced_Colony07,7Rep6,8,0,11,8
Unbalanced,Unbalanced_Colony08,8Rep1,1,1,22,8
Unbalanced,Unbalanced_Colony08,8Rep1,2,3,25,8
Unbalanced,Unbalanced_Colony08,8Rep1,3,0,15,8
Unbalanced,Unbalanced_Colony08,8Rep1,4,2,12,8
Unbalanced,Unbalanced_Colony08,8Rep1,5,2,15,8
Unbalanced,Unbalanced_Colony08,8Rep1,6,8,16,8
Unbalanced,Unbalanced_Colony08,8Rep1,7,0,15,8
Unbalanced,Unbalanced_Colony08,8Rep1,8,4,10,8
Unbalanced,Unbalanced_Colony08,8Rep2,1,11,22,8
Unbalanced,Unbalanced_Colony08,8Rep2,2,2,17,8
Unbalanced,Unbalanced_Colony08,8Rep2,3,5,24,8
Unbalanced,Unbalanced_Colony08,8Rep2,4,2,11,8
Unbalanced,Unbalanced_Colony08,8Rep2,5,0,10,8
Unbalanced,Unbalanced_Colony08,8Rep2,6,0,8,8
Unbalanced,Unbalanced_Colony08,8Rep2,7,2,15,8
Unbalanced,Unbalanced_Colony08,8Rep2,8,0,9,8
Unbalanced,Unbalanced_Colony08,8Rep3,1,4,17,8
Unbalanced,Unbalanced_Colony08,8Rep3,2,1,20,8
Unbalanced,Unbalanced_Colony08,8Rep3,3,0,18,8
Unbalanced,Unbalanced_Colony08,8Rep3,4,1,17,8
Unbalanced,Unbalanced_Colony08,8Rep3,5,1,11,8
Unbalanced,Unbalanced_Colony08,8Rep3,6,0,19,8
Unbalanced,Unbalanced_Colony08,8Rep3,7,4,31,8
Unbalanced,Unbalanced_Colony08,8Rep3,8,7,21,8
Unbalanced,Unbalanced_Colony08,8Rep4,1,1,15,8
Unbalanced,Unbalanced_Colony08,8Rep4,2,0,12,8
Unbalanced,Unbalanced_Colony08,8Rep4,3,2,22,8
Unbalanced,Unbalanced_Colony08,8Rep4,4,0,14,8
Unbalanced,Unbalanced_Colony08,8Rep4,5,5,19,8
Unbalanced,Unbalanced_Colony08,8Rep4,6,0,30,8
Unbalanced,Unbalanced_Colony08,8Rep4,7,3,18,8
Unbalanced,Unbalanced_Colony08,8Rep4,8,1,12,8
Unbalanced,Unbalanced_Colony08,8Rep5,1,2,22,8
Unbalanced,Unbalanced_Colony08,8Rep5,2,4,19,8
Unbalanced,Unbalanced_Colony08,8Rep5,3,10,22,8
Unbalanced,Unbalanced_Colony08,8Rep5,4,1,12,8
Unbalanced,Unbalanced_Colony08,8Rep5,5,1,25,8
Unbalanced,Unbalanced_Colony08,8Rep5,6,3,9,8
Unbalanced,Unbalanced_Colony08,8Rep5,7,4,12,8
Unbalanced,Unbalanced_Colony08,8Rep5,8,8,25,8
Unbalanced,Unbalanced_Colony08,8Rep6,1,5,19,8
Unbalanced,Unbalanced_Colony08,8Rep6,2,5,15,8
Unbalanced,Unbalanced_Colony08,8Rep6,3,9,17,8
Unbalanced,Unbalanced_Colony08,8Rep6,4,0,13,8
Unbalanced,Unbalanced_Colony08,8Rep6,5,0,22,8
Unbalanced,Unbalanced_Colony08,8Rep6,6,8,27,8
Unbalanced,Unbalanced_Colony08,8Rep6,7,5,28,8
Unbalanced,Unbalanced_Colony08,8Rep6,8,5,14,8
Unbalanced,Unbalanced_Colony09,9Rep1,1,1,29,8
Unbalanced,Unbalanced_Colony09,9Rep1,2,1,13,8
Unbalanced,Unbalanced_Colony09,9Rep1,3,0,27,8
Unbalanced,Unbalanced_Colony09,9Rep1,4,1,30,8
Unbalanced,Unbalanced_Colony09,9Rep1,5,0,10,8
Unbalanced,Unbalanced_Colony09,9Rep1,6,1,24,8
Unbalanced,Unbalanced_Colony09,9Rep1,7,0,12,8
Unbalanced,Unbalanced_Colony09,9Rep1,8,0,14,8
Unbalanced,Unbalanced_Colony09,9Rep2,1,0,20,8
Unbalanced,Unbalanced_Colony09,9Rep2,2,0,12,8
Unbalanced,Unbalanced_Colony09,9Rep2,3,1,14,8
Unbalanced,Unbalanced_Colony09,9Rep2,4,1,22,8
Unbalanced,Unbalanced_Colony09,9Rep2,5,3,16,8
Unbalanced,Unbalanced_Colony09,9Rep2,6,2,8,8
Unbalanced,Unbalanced_Colony09,9Rep2,7,0,20,8
Unbalanced,Unbalanced_Colony09,9Rep2,8,1,14,8
Unbalanced,Unbalanced_Colony09,9Rep3,1,6,25,8
Unbalanced,Unbalanced_Colony09,9Rep3,2,4,16,8
Unbalanced,Unbalanced_Colony09,9Rep3,3,4,19,8
Unbalanced,Unbalanced_Colony09,9Rep3,4,1,17,8
Unbalanced,Unbalanced_Colony09,9Rep3,5,1,18,8
Unbalanced,Unbalanced_Colony09,9Rep3,6,0,19,8
Unbalanced,Unbalanced_Colony09,9Rep3,7,0,11,8
Unbalanced,Unbalanced_Colony09,9Rep3,8,8,30,8
Unbalanced,Unbalanced_Colony09,9Rep4,1,1,30,8
Unbalanced,Unbalanced_Colony09,9Rep4,2,0,17,7
Unbalanced,Unbalanced_Colony09,9Rep4,3,0,22,8
Unbalanced,Unbalanced_Colony09,9Rep4,4,0,13,8
Unbalanced,Unbalanced_Colony09,9Rep4,5,1,19,8
Unbalanced,Unbalanced_Colony09,9Rep4,6,2,11,8
Unbalanced,Unbalanced_Colony09,9Rep4,7,2,20,8
Unbalanced,Unbalanced_Colony09,9Rep4,8,2,23,8
Unbalanced,Unbalanced_Colony09,9Rep5,1,0,13,8
Unbalanced,Unbalanced_Colony09,9Rep5,2,0,12,8
Unbalanced,Unbalanced_Colony09,9Rep5,3,0,18,8
Unbalanced,Unbalanced_Colony09,9Rep5,4,3,24,8
Unbalanced,Unbalanced_Colony09,9Rep5,5,1,19,8
Unbalanced,Unbalanced_Colony09,9Rep5,6,0,15,8
Unbalanced,Unbalanced_Colony09,9Rep5,7,0,22,8
Unbalanced,Unbalanced_Colony09,9Rep5,8,0,20,8
Unbalanced,Unbalanced_Colony09,9Rep6,1,0,12,8
Unbalanced,Unbalanced_Colony09,9Rep6,2,0,24,8
Unbalanced,Unbalanced_Colony09,9Rep6,3,0,27,8
Unbalanced,Unbalanced_Colony09,9Rep6,4,1,20,8
Unbalanced,Unbalanced_Colony09,9Rep6,5,0,13,8
Unbalanced,Unbalanced_Colony09,9Rep6,6,0,16,8
Unbalanced,Unbalanced_Colony09,9Rep6,7,1,18,8
Unbalanced,Unbalanced_Colony09,9Rep6,8,4,35,8
Unbalanced,Unbalanced_Colony10,10Rep1,1,2,26,8
Unbalanced,Unbalanced_Colony10,10Rep1,2,0,12,8
Unbalanced,Unbalanced_Colony10,10Rep1,3,0,20,8
Unbalanced,Unbalanced_Colony10,10Rep1,4,0,11,8
Unbalanced,Unbalanced_Colony10,10Rep1,5,0,24,8
Unbalanced,Unbalanced_Colony10,10Rep1,6,4,25,8
Unbalanced,Unbalanced_Colony10,10Rep1,7,0,14,8
Unbalanced,Unbalanced_Colony10,10Rep1,8,0,12,8
Unbalanced,Unbalanced_Colony10,10Rep2,1,1,20,8
Unbalanced,Unbalanced_Colony10,10Rep2,2,0,11,8
Unbalanced,Unbalanced_Colony10,10Rep2,3,2,11,8
Unbalanced,Unbalanced_Colony10,10Rep2,4,0,11,8
Unbalanced,Unbalanced_Colony10,10Rep2,5,0,11,8
Unbalanced,Unbalanced_Colony10,10Rep2,6,0,13,8
Unbalanced,Unbalanced_Colony10,10Rep2,7,0,13,8
Unbalanced,Unbalanced_Colony10,10Rep2,8,0,10,8
Unbalanced,Unbalanced_Colony10,10Rep3,1,1,41,8
Unbalanced,Unbalanced_Colony10,10Rep3,2,1,8,8
Unbalanced,Unbalanced_Colony10,10Rep3,3,3,30,8
Unbalanced,Unbalanced_Colony10,10Rep3,4,0,12,8
Unbalanced,Unbalanced_Colony10,10Rep3,5,1,16,8
Unbalanced,Unbalanced_Colony10,10Rep3,6,2,21,8
Unbalanced,Unbalanced_Colony10,10Rep3,7,2,22,8
Unbalanced,Unbalanced_Colony10,10Rep3,8,7,32,8
Unbalanced,Unbalanced_Colony10,10Rep4,1,2,37,8
Unbalanced,Unbalanced_Colony10,10Rep4,2,1,15,8
Unbalanced,Unbalanced_Colony10,10Rep4,3,0,18,8
Unbalanced,Unbalanced_Colony10,10Rep4,4,2,20,8
Unbalanced,Unbalanced_Colony10,10Rep4,5,2,11,8
Unbalanced,Unbalanced_Colony10,10Rep4,6,1,11,8
Unbalanced,Unbalanced_Colony10,10Rep4,7,1,13,8
Unbalanced,Unbalanced_Colony10,10Rep4,8,9,39,8
Unbalanced,Unbalanced_Colony10,10Rep5,1,1,17,8
Unbalanced,Unbalanced_Colony10,10Rep5,2,1,36,8
Unbalanced,Unbalanced_Colony10,10Rep5,3,1,23,8
Unbalanced,Unbalanced_Colony10,10Rep5,4,1,20,8
Unbalanced,Unbalanced_Colony10,10Rep5,5,1,26,8
Unbalanced,Unbalanced_Colony10,10Rep5,6,2,10,8
Unbalanced,Unbalanced_Colony10,10Rep5,7,1,19,8
Unbalanced,Unbalanced_Colony10,10Rep5,8,0,16,8
Unbalanced,Unbalanced_Colony10,10Rep6,1,2,36,8
Unbalanced,Unbalanced_Colony10,10Rep6,2,1,17,8
Unbalanced,Unbalanced_Colony10,10Rep6,3,0,20,8
Unbalanced,Unbalanced_Colony10,10Rep6,4,1,19,8
Unbalanced,Unbalanced_Colony10,10Rep6,5,2,23,8
Unbalanced,Unbalanced_Colony10,10Rep6,6,1,12,8
Unbalanced,Unbalanced_Colony10,10Rep6,7,3,19,8
Unbalanced,Unbalanced_Colony10,10Rep6,8,1,17,8