Treatment,Colony,BeeID,Trial,n1Switch,nTotalSwitch
Ratio1,Colony1_867,Colony1_867Rep1,1,3,25
Ratio1,Colony1_867,Colony1_867Rep1,2,4,20
Ratio1,Colony1_867,Colony1_867Rep1,3,3,12
Ratio1,Colony1_867,Colony1_867Rep1,4,2,13
Ratio1,Colony1_867,Colony1_867Rep1,5,4,15
Ratio1,Colony1_867,Colony1_867Rep1,6,6,17
Ratio1,Colony1_867,Colony1_867Rep1,7,5,12
Ratio1,Colony1_867,Colony1_867Rep1,8,4,14
Ratio1,Colony1_867,Colony1_867Rep2,1,0,25
Ratio1,Colony1_867,Colony1_867Rep2,2,3,19
Ratio1,Colony1_867,Colony1_867Rep2,3,3,21
Ratio1,Colony1_867,Colony1_867Rep2,4,4,12
Ratio1,Colony1_867,Colony1_867Rep2,5,3,15
Ratio1,Colony1_867,Colony1_867Rep2,6,9,25
Ratio1,Colony1_867,Colony1_867Rep2,7,6,9
Ratio1,Colony1_867,Colony1_867Rep2,8,7,7
Ratio1,Colony1_867,Colony1_867Rep3,1,7,21
Ratio1,Colony1_867,Colony1_867Rep3,2,8,25
Ratio1,Colony1_867,Colony1_867Rep3,3,6,33
Ratio1,Colony1_867,Colony1_867Rep3,4,8,25
Ratio1,Colony1_867,Colony1_867Rep3,5,0,13
Ratio1,Colony1_867,Colony1_867Rep3,6,6,15
Ratio1,Colony1_867,Colony1_867Rep3,7,7,17
Ratio1,Colony1_867,Colony1_867Rep3,8,8,15
Ratio1,Colony1_867,Colony1_867Rep4,1,6,25
Ratio1,Colony1_867,Colony1_867Rep4,2,10,19
Ratio1,Colony1_867,Colony1_867Rep4,3,4,11
Ratio1,Colony1_867,Colony1_867Rep4,4,7,15
Ratio1,Colony1_867,Colony1_867Rep4,5,6,11
Ratio1,Colony1_867,Colony1_867Rep4,6,16,21
Ratio1,Colony1_867,Colony1_867Rep4,7,15,20
Ratio1,Colony1_867,Colony1_867Rep4,8,6,9
Ratio1,Colony1_867,Colony1_867Rep5,1,7,32
Ratio1,Colony1_867,Colony1_867Rep5,2,11,27
Ratio1,Colony1_867,Colony1_867Rep5,3,4,12
Ratio1,Colony1_867,Colony1_867Rep5,4,4,13
Ratio1,Colony1_867,Colony1_867Rep5,5,6,20
Ratio1,Colony1_867,Colony1_867Rep5,6,7,17
Ratio1,Colony1_867,Colony1_867Rep5,7,8,19
Ratio1,Colony1_867,Colony1_867Rep5,8,4,19
Ratio1,Colony1_867,Colony1_867Rep6,1,12,21
Ratio1,Colony1_867,Colony1_867Rep6,2,5,14
Ratio1,Colony1_867,Colony1_867Rep6,3,5,16
Ratio1,Colony1_867,Colony1_867Rep6,4,13,31
Ratio1,Colony1_867,Colony1_867Rep6,5,7,13
Ratio1,Colony1_867,Colony1_867Rep6,6,3,8
Ratio1,Colony1_867,Colony1_867Rep6,7,11,23
Ratio1,Colony1_867,Colony1_867Rep6,8,9,17
Ratio1,Colony2_39,Colony2_39Rep1,1,6,18
Ratio1,Colony2_39,Colony2_39Rep1,2,7,15
Ratio1,Colony2_39,Colony2_39Rep1,3,5,11
Ratio1,Colony2_39,Colony2_39Rep1,4,10,25
Ratio1,Colony2_39,Colony2_39Rep1,5,9,16
Ratio1,Colony2_39,Colony2_39Rep1,6,6,10
Ratio1,Colony2_39,Colony2_39Rep1,7,7,11
Ratio1,Colony2_39,Colony2_39Rep1,8,9,13
Ratio1,Colony2_39,Colony2_39Rep2,1,7,12
Ratio1,Colony2_39,Colony2_39Rep2,2,11,23
Ratio1,Colony2_39,Colony2_39Rep2,3,5,14
Ratio1,Colony2_39,Colony2_39Rep2,4,8,12
Ratio1,Colony2_39,Colony2_39Rep2,5,8,12
Ratio1,Colony2_39,Colony2_39Rep2,6,9,14
Ratio1,Colony2_39,Colony2_39Rep2,7,8,9
Ratio1,Colony2_39,Colony2_39Rep2,8,7,9
Ratio1,Colony2_39,Colony2_39Rep3,1,5,21
Ratio1,Colony2_39,Colony2_39Rep3,2,4,15
Ratio1,Colony2_39,Colony2_39Rep3,3,7,15
Ratio1,Colony2_39,Colony2_39Rep3,4,6,11
Ratio1,Colony2_39,Colony2_39Rep3,5,7,20
Ratio1,Colony2_39,Colony2_39Rep3,6,5,15
Ratio1,Colony2_39,Colony2_39Rep3,7,3,9
Ratio1,Colony2_39,Colony2_39Rep3,8,8,18
Ratio1,Colony2_39,Colony2_39Rep4,1,4,17
Ratio1,Colony2_39,Colony2_39Rep4,2,6,15
Ratio1,Colony2_39,Colony2_39Rep4,3,3,15
Ratio1,Colony2_39,Colony2_39Rep4,4,7,18
Ratio1,Colony2_39,Colony2_39Rep4,5,4,10
Ratio1,Colony2_39,Colony2_39Rep4,6,4,13
Ratio1,Colony2_39,Colony2_39Rep4,7,12,20
Ratio1,Colony2_39,Colony2_39Rep4,8,7,19
Ratio1,Colony2_39,Colony2_39Rep5,1,6,17
Ratio1,Colony2_39,Colony2_39Rep5,2,6,26
Ratio1,Colony2_39,Colony2_39Rep5,3,2,11
Ratio1,Colony2_39,Colony2_39Rep5,4,7,20
Ratio1,Colony2_39,Colony2_39Rep5,5,6,25
Ratio1,Colony2_39,Colony2_39Rep5,6,5,22
Ratio1,Colony2_39,Colony2_39Rep5,7,4,11
Ratio1,Colony2_39,Colony2_39Rep5,8,10,23
Ratio1,Colony2_39,Colony2_39Rep6,1,2,13
Ratio1,Colony2_39,Colony2_39Rep6,2,2,17
Ratio1,Colony2_39,Colony2_39Rep6,3,3,15
Ratio1,Colony2_39,Colony2_39Rep6,4,7,16
Ratio1,Colony2_39,Colony2_39Rep6,5,5,16
Ratio1,Colony2_39,Colony2_39Rep6,6,2,10
Ratio1,Colony2_39,Colony2_39Rep6,7,8,26
Ratio1,Colony2_39,Colony2_39Rep6,8,6,17
Ratio1,Colony3_807,Colony3_807Rep1,1,2,12
Ratio1,Colony3_807,Colony3_807Rep1,2,5,9
Ratio1,Colony3_807,Colony3_807Rep1,3,8,25
Ratio1,Colony3_807,Colony3_807Rep1,4,8,20
Ratio1,Colony3_807,Colony3_807Rep1,5,12,40
Ratio1,Colony3_807,Colony3_807Rep1,6,7,22
Ratio1,Colony3_807,Colony3_807Rep1,7,5,17
Ratio1,Colony3_807,Colony3_807Rep1,8,9,27
Ratio1,Colony3_807,Colony3_807Rep2,1,8,25
Ratio1,Colony3_807,Colony3_807Rep2,2,3,9
Ratio1,Colony3_807,Colony3_807Rep2,3,5,17
Ratio1,Colony3_807,Colony3_807Rep2,4,3,7
Ratio1,Colony3_807,Colony3_807Rep2,5,3,17
Ratio1,Colony3_807,Colony3_807Rep2,6,6,20
Ratio1,Colony3_807,Colony3_807Rep2,7,9,36
Ratio1,Colony3_807,Colony3_807Rep2,8,2,12
Ratio1,Colony3_807,Colony3_807Rep3,1,0,17
Ratio1,Colony3_807,Colony3_807Rep3,2,1,17
Ratio1,Colony3_807,Colony3_807Rep3,3,1,10
Ratio1,Colony3_807,Colony3_807Rep3,4,0,15
Ratio1,Colony3_807,Colony3_807Rep3,5,0,27
Ratio1,Colony3_807,Colony3_807Rep3,6,1,27
Ratio1,Colony3_807,Colony3_807Rep3,7,2,14
Ratio1,Colony3_807,Colony3_807Rep3,8,0,12
Ratio1,Colony3_807,Colony3_807Rep4,1,11,29
Ratio1,Colony3_807,Colony3_807Rep4,2,2,16
Ratio1,Colony3_807,Colony3_807Rep4,3,8,27
Ratio1,Colony3_807,Colony3_807Rep4,4,6,16
Ratio1,Colony3_807,Colony3_807Rep4,5,5,14
Ratio1,Colony3_807,Colony3_807Rep4,6,5,17
Ratio1,Colony3_807,Colony3_807Rep4,7,9,19
Ratio1,Colony3_807,Colony3_807Rep4,8,2,11
Ratio1,Colony3_807,Colony3_807Rep5,1,2,9
Ratio1,Colony3_807,Colony3_807Rep5,2,4,21
Ratio1,Colony3_807,Colony3_807Rep5,3,4,18
Ratio1,Colony3_807,Colony3_807Rep5,4,2,16
Ratio1,Colony3_807,Colony3_807Rep5,5,2,17
Ratio1,Colony3_807,Colony3_807Rep5,6,1,32
Ratio1,Colony3_807,Colony3_807Rep5,7,4,19
Ratio1,Colony3_807,Colony3_807Rep5,8,3,11
Ratio1,Colony3_807,Colony3_807Rep6,1,0,11
Ratio1,Colony3_807,Colony3_807Rep6,2,0,24
Ratio1,Colony3_807,Colony3_807Rep6,3,1,11
Ratio1,Colony3_807,Colony3_807Rep6,4,6,15
Ratio1,Colony3_807,Colony3_807Rep6,5,7,15
Ratio1,Colony3_807,Colony3_807Rep6,6,5,7
Ratio1,Colony3_807,Colony3_807Rep6,7,8,11
Ratio1,Colony3_807,Colony3_807Rep6,8,10,20
Ratio1,Colony4_42,Colony4_42Rep1,1,4,25
Ratio1,Colony4_42,Colony4_42Rep1,2,5,23
Ratio1,Colony4_42,Colony4_42Rep1,3,3,35
Ratio1,Colony4_42,Colony4_42Rep1,4,4,35
Ratio1,Colony4_42,Colony4_42Rep1,5,2,16
Ratio1,Colony4_42,Colony4_42Rep1,6,2,13
Ratio1,Colony4_42,Colony4_42Rep1,7,2,15
Ratio1,Colony4_42,Colony4_42Rep1,8,4,21
Ratio1,Colony4_42,Colony4_42Rep2,1,2,24
Ratio1,Colony4_42,Colony4_42Rep2,2,5,20
Ratio1,Colony4_42,Colony4_42Rep2,3,4,27
Ratio1,Colony4_42,Colony4_42Rep2,4,5,9
Ratio1,Colony4_42,Colony4_42Rep2,5,6,10
Ratio1,Colony4_42,Colony4_42Rep2,6,5,7
Ratio1,Colony4_42,Colony4_42Rep2,7,6,8
Ratio1,Colony4_42,Colony4_42Rep2,8,4,9
Ratio1,Colony4_42,Colony4_42Rep3,1,5,15
Ratio1,Colony4_42,Colony4_42Rep3,2,5,11
Ratio1,Colony4_42,Colony4_42Rep3,3,8,10
Ratio1,Colony4_42,Colony4_42Rep3,4,12,25
Ratio1,Colony4_42,Colony4_42Rep3,5,8,11
Ratio1,Colony4_42,Colony4_42Rep3,6,9,12
Ratio1,Colony4_42,Colony4_42Rep3,7,8,15
Ratio1,Colony4_42,Colony4_42Rep3,8,7,9
Ratio1,Colony4_42,Colony4_42Rep4,1,4,15
Ratio1,Colony4_42,Colony4_42Rep4,2,8,39
Ratio1,Colony4_42,Colony4_42Rep4,3,7,28
Ratio1,Colony4_42,Colony4_42Rep4,4,4,22
Ratio1,Colony4_42,Colony4_42Rep4,5,2,15
Ratio1,Colony4_42,Colony4_42Rep4,6,3,10
Ratio1,Colony4_42,Colony4_42Rep4,7,6,29
Ratio1,Colony4_42,Colony4_42Rep4,8,4,23
Ratio1,Colony4_42,Colony4_42Rep5,1,8,25
Ratio1,Colony4_42,Colony4_42Rep5,2,3,21
Ratio1,Colony4_42,Colony4_42Rep5,3,7,12
Ratio1,Colony4_42,Colony4_42Rep5,4,1,14
Ratio1,Colony4_42,Colony4_42Rep5,5,0,11
Ratio1,Colony4_42,Colony4_42Rep5,6,7,11
Ratio1,Colony4_42,Colony4_42Rep5,7,5,19
Ratio1,Colony4_42,Colony4_42Rep5,8,7,17
Ratio1,Colony4_42,Colony4_42Rep6,1,3,12
Ratio1,Colony4_42,Colony4_42Rep6,2,0,13
Ratio1,Colony4_42,Colony4_42Rep6,3,5,31
Ratio1,Colony4_42,Colony4_42Rep6,4,1,13
Ratio1,Colony4_42,Colony4_42Rep6,5,3,16
Ratio1,Colony4_42,Colony4_42Rep6,6,2,16
Ratio1,Colony4_42,Colony4_42Rep6,7,2,18
Ratio1,Colony4_42,Colony4_42Rep6,8,0,17
Ratio1,Colony5_40,Colony5_40Rep1,1,1,18
Ratio1,Colony5_40,Colony5_40Rep1,2,2,17
Ratio1,Colony5_40,Colony5_40Rep1,3,4,28
Ratio1,Colony5_40,Colony5_40Rep1,4,4,18
Ratio1,Colony5_40,Colony5_40Rep1,5,3,13
Ratio1,Colony5_40,Colony5_40Rep1,6,4,14
Ratio1,Colony5_40,Colony5_40Rep1,7,1,19
Ratio1,Colony5_40,Colony5_40Rep1,8,3,21
Ratio1,Colony5_40,Colony5_40Rep2,1,2,14
Ratio1,Colony5_40,Colony5_40Rep2,2,2,12
Ratio1,Colony5_40,Colony5_40Rep2,3,3,13
Ratio1,Colony5_40,Colony5_40Rep2,4,1,12
Ratio1,Colony5_40,Colony5_40Rep2,5,0,25
Ratio1,Colony5_40,Colony5_40Rep2,6,0,11
Ratio1,Colony5_40,Colony5_40Rep2,7,4,13
Ratio1,Colony5_40,Colony5_40Rep2,8,8,21
Ratio1,Colony5_40,Colony5_40Rep3,1,17,51
Ratio1,Colony5_40,Colony5_40Rep3,2,10,33
Ratio1,Colony5_40,Colony5_40Rep3,3,8,26
Ratio1,Colony5_40,Colony5_40Rep3,4,6,21
Ratio1,Colony5_40,Colony5_40Rep3,5,3,14
Ratio1,Colony5_40,Colony5_40Rep3,6,5,15
Ratio1,Colony5_40,Colony5_40Rep3,7,6,19
Ratio1,Colony5_40,Colony5_40Rep3,8,2,9
Ratio1,Colony5_40,Colony5_40Rep4,1,3,11
Ratio1,Colony5_40,Colony5_40Rep4,2,11,25
Ratio1,Colony5_40,Colony5_40Rep4,3,9,14
Ratio1,Colony5_40,Colony5_40Rep4,4,13,21
Ratio1,Colony5_40,Colony5_40Rep4,5,12,24
Ratio1,Colony5_40,Colony5_40Rep4,6,11,16
Ratio1,Colony5_40,Colony5_40Rep4,7,11,14
Ratio1,Colony5_40,Colony5_40Rep4,8,15,17
Ratio1,Colony5_40,Colony5_40Rep5,1,2,9
Ratio1,Colony5_40,Colony5_40Rep5,2,6,28
Ratio1,Colony5_40,Colony5_40Rep5,3,11,26
Ratio1,Colony5_40,Colony5_40Rep5,4,3,12
Ratio1,Colony5_40,Colony5_40Rep5,5,4,13
Ratio1,Colony5_40,Colony5_40Rep5,6,11,37
Ratio1,Colony5_40,Colony5_40Rep5,7,7,15
Ratio1,Colony5_40,Colony5_40Rep5,8,3,10
Ratio1,Colony5_40,Colony5_40Rep6,1,1,21
Ratio1,Colony5_40,Colony5_40Rep6,2,0,12
Ratio1,Colony5_40,Colony5_40Rep6,3,3,14
Ratio1,Colony5_40,Colony5_40Rep6,4,1,11
Ratio1,Colony5_40,Colony5_40Rep6,5,1,10
Ratio1,Colony5_40,Colony5_40Rep6,6,2,13
Ratio1,Colony5_40,Colony5_40Rep6,7,2,14
Ratio1,Colony5_40,Colony5_40Rep6,8,8,29
Ratio5,Colony1_872,Colony1_872Rep1,1,7,15
Ratio5,Colony1_872,Colony1_872Rep1,2,4,22
Ratio5,Colony1_872,Colony1_872Rep1,3,8,24
Ratio5,Colony1_872,Colony1_872Rep1,4,8,17
Ratio5,Colony1_872,Colony1_872Rep1,5,9,17
Ratio5,Colony1_872,Colony1_872Rep1,6,10,24
Ratio5,Colony1_872,Colony1_872Rep1,7,13,28
Ratio5,Colony1_872,Colony1_872Rep1,8,6,15
Ratio5,Colony1_872,Colony1_872Rep2,1,14,26
Ratio5,Colony1_872,Colony1_872Rep2,2,20,40
Ratio5,Colony1_872,Colony1_872Rep2,3,7,19
Ratio5,Colony1_872,Colony1_872Rep2,4,7,14
Ratio5,Colony1_872,Colony1_872Rep2,5,5,18
Ratio5,Colony1_872,Colony1_872Rep2,6,5,10
Ratio5,Colony1_872,Colony1_872Rep2,7,4,17
Ratio5,Colony1_872,Colony1_872Rep2,8,2,10
Ratio5,Colony1_872,Colony1_872Rep3,1,15,41
Ratio5,Colony1_872,Colony1_872Rep3,2,4,9
Ratio5,Colony1_872,Colony1_872Rep3,3,3,9
Ratio5,Colony1_872,Colony1_872Rep3,4,5,9
Ratio5,Colony1_872,Colony1_872Rep3,5,19,59
Ratio5,Colony1_872,Colony1_872Rep3,6,5,13
Ratio5,Colony1_872,Colony1_872Rep3,7,6,11
Ratio5,Colony1_872,Colony1_872Rep3,8,7,10
Ratio5,Colony1_872,Colony1_872Rep4,1,4,14
Ratio5,Colony1_872,Colony1_872Rep4,2,1,25
Ratio5,Colony1_872,Colony1_872Rep4,3,3,30
Ratio5,Colony1_872,Colony1_872Rep4,4,5,33
Ratio5,Colony1_872,Colony1_872Rep4,5,5,18
Ratio5,Colony1_872,Colony1_872Rep4,6,5,23
Ratio5,Colony1_872,Colony1_872Rep4,7,7,37
Ratio5,Colony1_872,Colony1_872Rep4,8,5,13
Ratio5,Colony1_872,Colony1_872Rep5,1,2,16
Ratio5,Colony1_872,Colony1_872Rep5,2,8,43
Ratio5,Colony1_872,Colony1_872Rep5,3,10,18
Ratio5,Colony1_872,Colony1_872Rep5,4,4,10
Ratio5,Colony1_872,Colony1_872Rep5,5,7,11
Ratio5,Colony1_872,Colony1_872Rep5,6,8,12
Ratio5,Colony1_872,Colony1_872Rep5,7,7,20
Ratio5,Colony1_872,Colony1_872Rep5,8,5,11
Ratio5,Colony1_872,Colony1_872Rep6,1,7,27
Ratio5,Colony1_872,Colony1_872Rep6,2,4,13
Ratio5,Colony1_872,Colony1_872Rep6,3,6,15
Ratio5,Colony1_872,Colony1_872Rep6,4,12,27
Ratio5,Colony1_872,Colony1_872Rep6,5,5,10
Ratio5,Colony1_872,Colony1_872Rep6,6,10,24
Ratio5,Colony1_872,Colony1_872Rep6,7,5,7
Ratio5,Colony1_872,Colony1_872Rep6,8,7,16
Ratio5,Colony2_809,Colony2_809Rep1,1,8,23
Ratio5,Colony2_809,Colony2_809Rep1,2,5,16
Ratio5,Colony2_809,Colony2_809Rep1,3,13,41
Ratio5,Colony2_809,Colony2_809Rep1,4,12,48
Ratio5,Colony2_809,Colony2_809Rep1,5,3,18
Ratio5,Colony2_809,Colony2_809Rep1,6,3,14
Ratio5,Colony2_809,Colony2_809Rep1,7,11,30
Ratio5,Colony2_809,Colony2_809Rep1,8,6,23
Ratio5,Colony2_809,Colony2_809Rep2,1,7,20
Ratio5,Colony2_809,Colony2_809Rep2,2,10,29
Ratio5,Colony2_809,Colony2_809Rep2,3,7,9
Ratio5,Colony2_809,Colony2_809Rep2,4,8,11
Ratio5,Colony2_809,Colony2_809Rep2,5,6,9
Ratio5,Colony2_809,Colony2_809Rep2,6,9,18
Ratio5,Colony2_809,Colony2_809Rep2,7,5,11
Ratio5,Colony2_809,Colony2_809Rep2,8,6,9
Ratio5,Colony2_809,Colony2_809Rep3,1,3,18
Ratio5,Colony2_809,Colony2_809Rep3,2,4,10
Ratio5,Colony2_809,Colony2_809Rep3,3,2,11
Ratio5,Colony2_809,Colony2_809Rep3,4,3,9
Ratio5,Colony2_809,Colony2_809Rep3,5,0,19
Ratio5,Colony2_809,Colony2_809Rep3,6,6,31
Ratio5,Colony2_809,Colony2_809Rep3,7,1,14
Ratio5,Colony2_809,Colony2_809Rep3,8,4,14
Ratio5,Colony2_809,Colony2_809Rep4,1,6,26
Ratio5,Colony2_809,Colony2_809Rep4,2,3,21
Ratio5,Colony2_809,Colony2_809Rep4,3,4,11
Ratio5,Colony2_809,Colony2_809Rep4,4,6,49
Ratio5,Colony2_809,Colony2_809Rep4,5,0,13
Ratio5,Colony2_809,Colony2_809Rep4,6,0,12
Ratio5,Colony2_809,Colony2_809Rep4,7,2,21
Ratio5,Colony2_809,Colony2_809Rep4,8,2,20
Ratio5,Colony2_809,Colony2_809Rep5,1,11,29
Ratio5,Colony2_809,Colony2_809Rep5,2,7,22
Ratio5,Colony2_809,Colony2_809Rep5,3,1,9
Ratio5,Colony2_809,Colony2_809Rep5,4,2,11
Ratio5,Colony2_809,Colony2_809Rep5,5,1,9
Ratio5,Colony2_809,Colony2_809Rep5,6,6,16
Ratio5,Colony2_809,Colony2_809Rep5,7,9,19
Ratio5,Colony2_809,Colony2_809Rep5,8,3,18
Ratio5,Colony2_809,Colony2_809Rep6,1,5,26
Ratio5,Colony2_809,Colony2_809Rep6,2,1,18
Ratio5,Colony2_809,Colony2_809Rep6,3,3,9
Ratio5,Colony2_809,Colony2_809Rep6,4,0,12
Ratio5,Colony2_809,Colony2_809Rep6,5,1,12
Ratio5,Colony2_809,Colony2_809Rep6,6,0,13
Ratio5,Colony2_809,Colony2_809Rep6,7,2,16
Ratio5,Colony2_809,Colony2_809Rep6,8,1,10
Ratio5,Colony3_879,Colony3_879Rep1,1,6,22
Ratio5,Colony3_879,Colony3_879Rep1,2,8,27
Ratio5,Colony3_879,Colony3_879Rep1,3,4,14
Ratio5,Colony3_879,Colony3_879Rep1,4,7,13
Ratio5,Colony3_879,Colony3_879Rep1,5,6,16
Ratio5,Colony3_879,Colony3_879Rep1,6,8,23
Ratio5,Colony3_879,Colony3_879Rep1,7,5,14
Ratio5,Colony3_879,Colony3_879Rep1,8,4,13
Ratio5,Colony3_879,Colony3_879Rep2,1,13,32
Ratio5,Colony3_879,Colony3_879Rep2,2,4,18
Ratio5,Colony3_879,Colony3_879Rep2,3,4,28
Ratio5,Colony3_879,Colony3_879Rep2,4,3,12
Ratio5,Colony3_879,Colony3_879Rep2,5,6,9
Ratio5,Colony3_879,Colony3_879Rep2,6,7,7
Ratio5,Colony3_879,Colony3_879Rep2,7,6,16
Ratio5,Colony3_879,Colony3_879Rep2,8,4,8
Ratio5,Colony3_879,Colony3_879Rep3,1,7,20
Ratio5,Colony3_879,Colony3_879Rep3,2,13,20
Ratio5,Colony3_879,Colony3_879Rep3,3,11,17
Ratio5,Colony3_879,Colony3_879Rep3,4,6,17
Ratio5,Colony3_879,Colony3_879Rep3,5,6,11
Ratio5,Colony3_879,Colony3_879Rep3,6,5,18
Ratio5,Colony3_879,Colony3_879Rep3,7,12,34
Ratio5,Colony3_879,Colony3_879Rep3,8,9,27
Ratio5,Colony3_879,Colony3_879Rep4,1,5,15
Ratio5,Colony3_879,Colony3_879Rep4,2,7,11
Ratio5,Colony3_879,Colony3_879Rep4,3,12,23
Ratio5,Colony3_879,Colony3_879Rep4,4,4,13
Ratio5,Colony3_879,Colony3_879Rep4,5,12,23
Ratio5,Colony3_879,Colony3_879Rep4,6,6,29
Ratio5,Colony3_879,Colony3_879Rep4,7,8,20
Ratio5,Colony3_879,Colony3_879Rep4,8,7,12
Ratio5,Colony3_879,Colony3_879Rep5,1,5,23
Ratio5,Colony3_879,Colony3_879Rep5,2,9,22
Ratio5,Colony3_879,Colony3_879Rep5,3,10,31
Ratio5,Colony3_879,Colony3_879Rep5,4,6,12
Ratio5,Colony3_879,Colony3_879Rep5,5,4,25
Ratio5,Colony3_879,Colony3_879Rep5,6,4,11
Ratio5,Colony3_879,Colony3_879Rep5,7,2,15
Ratio5,Colony3_879,Colony3_879Rep5,8,13,32
Ratio5,Colony3_879,Colony3_879Rep6,1,6,23
Ratio5,Colony3_879,Colony3_879Rep6,2,2,19
Ratio5,Colony3_879,Colony3_879Rep6,3,5,25
Ratio5,Colony3_879,Colony3_879Rep6,4,2,12
Ratio5,Colony3_879,Colony3_879Rep6,5,3,21
Ratio5,Colony3_879,Colony3_879Rep6,6,6,34
Ratio5,Colony3_879,Colony3_879Rep6,7,3,32
Ratio5,Colony3_879,Colony3_879Rep6,8,8,18
Ratio5,Colony4_816,Colony4_816Rep1,1,10,29
Ratio5,Colony4_816,Colony4_816Rep1,2,5,13
Ratio5,Colony4_816,Colony4_816Rep1,3,5,26
Ratio5,Colony4_816,Colony4_816Rep1,4,8,30
Ratio5,Colony4_816,Colony4_816Rep1,5,2,9
Ratio5,Colony4_816,Colony4_816Rep1,6,4,24
Ratio5,Colony4_816,Colony4_816Rep1,7,4,11
Ratio5,Colony4_816,Colony4_816Rep1,8,5,13
Ratio5,Colony4_816,Colony4_816Rep2,1,6,19
Ratio5,Colony4_816,Colony4_816Rep2,2,1,11
Ratio5,Colony4_816,Colony4_816Rep2,3,3,14
Ratio5,Colony4_816,Colony4_816Rep2,4,3,22
Ratio5,Colony4_816,Colony4_816Rep2,5,3,18
Ratio5,Colony4_816,Colony4_816Rep2,6,3,9
Ratio5,Colony4_816,Colony4_816Rep2,7,3,19
Ratio5,Colony4_816,Colony4_816Rep2,8,3,14
Ratio5,Colony4_816,Colony4_816Rep3,1,9,30
Ratio5,Colony4_816,Colony4_816Rep3,2,3,19
Ratio5,Colony4_816,Colony4_816Rep3,3,3,22
Ratio5,Colony4_816,Colony4_816Rep3,4,6,17
Ratio5,Colony4_816,Colony4_816Rep3,5,1,18
Ratio5,Colony4_816,Colony4_816Rep3,6,2,18
Ratio5,Colony4_816,Colony4_816Rep3,7,3,10
Ratio5,Colony4_816,Colony4_816Rep3,8,10,37
Ratio5,Colony4_816,Colony4_816Rep4,1,3,30
Ratio5,Colony4_816,Colony4_816Rep4,2,1,16
Ratio5,Colony4_816,Colony4_816Rep4,3,2,21
Ratio5,Colony4_816,Colony4_816Rep4,4,2,12
Ratio5,Colony4_816,Colony4_816Rep4,5,3,19
Ratio5,Colony4_816,Colony4_816Rep4,6,2,12
Ratio5,Colony4_816,Colony4_816Rep4,7,2,21
Ratio5,Colony4_816,Colony4_816Rep4,8,2,24
Ratio5,Colony4_816,Colony4_816Rep5,1,4,12
Ratio5,Colony4_816,Colony4_816Rep5,2,1,11
Ratio5,Colony4_816,Colony4_816Rep5,3,7,17
Ratio5,Colony4_816,Colony4_816Rep5,4,1,26
Ratio5,Colony4_816,Colony4_816Rep5,5,5,19
Ratio5,Colony4_816,Colony4_816Rep5,6,5,14
Ratio5,Colony4_816,Colony4_816Rep5,7,5,21
Ratio5,Colony4_816,Colony4_816Rep5,8,4,19
Ratio5,Colony4_816,Colony4_816Rep6,1,1,11
Ratio5,Colony4_816,Colony4_816Rep6,2,1,23
Ratio5,Colony4_816,Colony4_816Rep6,3,1,26
Ratio5,Colony4_816,Colony4_816Rep6,4,6,20
Ratio5,Colony4_816,Colony4_816Rep6,5,3,12
Ratio5,Colony4_816,Colony4_816Rep6,6,4,15
Ratio5,Colony4_816,Colony4_816Rep6,7,3,18
Ratio5,Colony4_816,Colony4_816Rep6,8,7,38
Ratio5,Colony5_62,Colony5_62Rep1,1,5,27
Ratio5,Colony5_62,Colony5_62Rep1,2,2,11
Ratio5,Colony5_62,Colony5_62Rep1,3,1,19
Ratio5,Colony5_62,Colony5_62Rep1,4,0,10
Ratio5,Colony5_62,Colony5_62Rep1,5,2,23
Ratio5,Colony5_62,Colony5_62Rep1,6,1,28
Ratio5,Colony5_62,Colony5_62Rep1,7,1,13
Ratio5,Colony5_62,Colony5_62Rep1,8,6,11
Ratio5,Colony5_62,Colony5_62Rep2,1,1,20
Ratio5,Colony5_62,Colony5_62Rep2,2,1,10
Ratio5,Colony5_62,Colony5_62Rep2,3,7,12
Ratio5,Colony5_62,Colony5_62Rep2,4,6,10
Ratio5,Colony5_62,Colony5_62Rep2,5,1,10
Ratio5,Colony5_62,Colony5_62Rep2,6,6,12
Ratio5,Colony5_62,Colony5_62Rep2,7,4,12
Ratio5,Colony5_62,Colony5_62Rep2,8,7,9
Ratio5,Colony5_62,Colony5_62Rep3,1,4,41
Ratio5,Colony5_62,Colony5_62Rep3,2,1,8
Ratio5,Colony5_62,Colony5_62Rep3,3,2,32
Ratio5,Colony5_62,Colony5_62Rep3,4,2,11
Ratio5,Colony5_62,Colony5_62Rep3,5,3,16
Ratio5,Colony5_62,Colony5_62Rep3,6,1,22
Ratio5,Colony5_62,Colony5_62Rep3,7,1,23
Ratio5,Colony5_62,Colony5_62Rep3,8,3,38
Ratio5,Colony5_62,Colony5_62Rep4,1,10,38
Ratio5,Colony5_62,Colony5_62Rep4,2,5,15
Ratio5,Colony5_62,Colony5_62Rep4,3,1,17
Ratio5,Colony5_62,Colony5_62Rep4,4,4,21
Ratio5,Colony5_62,Colony5_62Rep4,5,4,12
Ratio5,Colony5_62,Colony5_62Rep4,6,4,11
Ratio5,Colony5_62,Colony5_62Rep4,7,2,13
Ratio5,Colony5_62,Colony5_62Rep4,8,18,47
Ratio5,Colony5_62,Colony5_62Rep5,1,2,17
Ratio5,Colony5_62,Colony5_62Rep5,2,4,36
Ratio5,Colony5_62,Colony5_62Rep5,3,4,23
Ratio5,Colony5_62,Colony5_62Rep5,4,1,20
Ratio5,Colony5_62,Colony5_62Rep5,5,2,26
Ratio5,Colony5_62,Colony5_62Rep5,6,1,11
Ratio5,Colony5_62,Colony5_62Rep5,7,3,19
Ratio5,Colony5_62,Colony5_62Rep5,8,3,15
Ratio5,Colony5_62,Colony5_62Rep6,1,5,37
Ratio5,Colony5_62,Colony5_62Rep6,2,4,17
Ratio5,Colony5_62,Colony5_62Rep6,3,3,19
Ratio5,Colony5_62,Colony5_62Rep6,4,7,19
Ratio5,Colony5_62,Colony5_62Rep6,5,6,24
Ratio5,Colony5_62,Colony5_62Rep6,6,4,12
Ratio5,Colony5_62,Colony5_62Rep6,7,8,21
Ratio5,Colony5_62,Colony5_62Rep6,8,8,17